,sequence,target
0,TTCAGCGATGCACGCTTGTTTTAATGTTGCACCCATGTTA,1
1,TACAGCGATTAACGCTTATTTTAGCGTTACACCCATGTTA,1
2,GAGCCTGTTAGGAAGAGCTTACCCAAGAAGGGGTGGAGCCGCGACGTTAGTGTCCGGCGGCATTGGTCAAAGC,1
3,CGTCAATTTGTATTCAAGCGGCGACTGAAGGTTAAAGCTTACCCAAGAAGGTGCGGAACTGCCCGGCCATCTCA,1
4,CGCTACAGTTAAGGGAACCAAGGCGGGTGTCCGGTAGAGCTTACCCAAGCAGGGGCGTGACGTCTTGTGGTGT,1
5,TTTTGTCAGCGACTCGAAATAGTGTGTTGAAGCAGCTCTA,1
6,TAGTTCTACCAGCGGTTCGAAATAGTGAAGTGTTCGTGA,1
7,CAAAGATGCCAGCATGCTATTCTCCGAGCCGGTCGAAATA,1
8,TTTACCCAAGAAGGGGTGCGTACTATGCTACCTTATTAACG,1
9,GGCTAGCTACAACGA,1
10,TTGACCCAAGAAGGGGTGACTACTTTGCTACGTTATTCCAC,1
11,AAAGGGCGGGCAAACTCTGG,1
12,AGTCGGCCCCAGCTGGTTCGC,1
13,GGGTCTCCAGCTGGACGTTA,1
14,AGGATTGGTTCTGGGTGGGTAGGAAGTTAGTGTGAGCCG,1
15,TTGATCGGGGCTGTGCGGGTAGGAAGTAATAGTGAG,1
16,TGTATGCTAGCTCGGGGAGAAACATCTTTGCGGGATAAGGCCGCCGATAGAGCGGAAGCGACTTGGTTGT,1
17,TGAATAGGGTCTCGGGCATAAATTACGGAAACGGTTTTAATTTTCTAGTGGAAAGGTCCGATAACGAGGT,1
18,ATCGGACAAGGGAGGCACTGGAGGTTGAGGTAGTGAGCGTTGGTTAACGCCGGACAAAGGGAAGCATGGT,1
19,GTGGAACCCATGATGAGCCGAGTTGGGGTGTGTCTCTCGTATATGGCGGAAGTGGGACAATAGTTGAGT,1
20,TTACAAACCCCAAACCTTCTCTT,1
21,GGGTTCGGTGGAGCGGCGCGA,1
22,TGGTCTCGCGGTTCCTGGTTA,1
23,CCTGCAAGGAGGTTTACCGGG,1
24,GGGAAGCCAGTGGTACGTT,1
25,CGCTAGATACGTGAATGTGTTTGACAGAGCCGGTCATCAA,1
26,CGATAGATAACGGGGTGGATTTGCAACCGCAGTACATATA,1
27,GGCTAGAGAAGCGAGTGTGTTTGCTACAACGGGCCGTTAA,1
28,CGATAGATACGTAGGAGCGTTAGCTATAGCCGTACATAGA,1
29,GGCCATATAACTCGGAGAGTTTCCTAGAGCTGTGCGTGAA,1
30,GGCTAGGGAAGCGGCTACGTACACCTCAGCGGGCACATAA,1
31,GGCTAGAGAAGCGGATGAGTTTCCTATAGATATCCGGCCA,1
32,CGCTAGATAAGTGGGCGCGTTTGCTGTAGTTGTCCTACGA,1
33,CGCTAGATAAGTGGATGCGTTTGCTGTAGTTGTCCTTCAA,1
34,CGCCAGATAAGTGGAGGCTTTTGCTAGAGTTGTCCTTTAA,1
35,CCCTATACAAGTGGGAGGATTAGCCATAGGCGTGGGGCAA,1
36,GGCTAGAATAGTGGGGGCGATTGATCTAGGGGGCGCTTAA,1
37,CCCTAGATAAGGGGGTGCGTATTCTTTGGGTGCCCCGAAA,1
38,AGGCAGAAAAGTGGGTACTCTTGTTAGAGCTCTACATATA,1
39,GGAGAGCTCGTGTGTGAGAGCATTAAGTGAACTGACTGGT,1
40,TACGGACGGGGCGTAGCGGATTGAACTGCAGAGCAGAGTG,1
41,GGGGCAGTAGGAGGTTAGGCCAGGGAGAGAGGAAGGTAGG,1
42,GCCAGCGATCAAAGACGGCGAGTTGTACCCATAGGTGTCT,1
43,GAGAGTGTACGGTTACGCACTAGCTAACAGGAGTTCGTGC,1
44,CCGGGCTGCGAAGTTGGCGATAAGCTACCGTAGGACGCTT,1
45,TAGGTGATTTCCACGATTATGCGGAAACAGGGCAGCGT,1
46,TCACACATCTCTGAAGTAGCGCCGCCGTATGTGACGCTAGGGGTTCGCCT,1
47,TAGCAGGGGGGGAAAAAAGTCTATCGCGTAATAGATACGACGACTGTCTGAGATTAGCCAAGAAGCTGTGGTC,1
48,CTACCCTCAAGCGACTTCTCTCG,1
49,GGGTCTCCAGCCGGACGTTA,1
50,GGCTAGAGCAGCGGGTGTGTTTGCTATACCCGGCCCTATA,1
51,CGCCAGATAAGTGGAGACTTTTGCTATAGTTGTCCTTGTA,1
52,CGCCCGTTGGCAGGGTGCGCTTGTTATCGTTGTCCTGCAG,1
53,TACAAGGAACGGTT,1
54,ACGTCCATCTCCAGGTCAAAGGTGGGTGAGGGGACGCCAAGAGTCCCCGCGGTTAGTGAG,1
55,AAATCCAGGGTTGGCCGACA,1
56,CAGGTAGGGGTCCCGGTCA,1
57,GGGTTCATCAAGGGGTATGG,1
58,TACTGCTTTACTGGCGGCCA,1
59,GCGGCGGTACCAGGTCAAAGGTGGGTGAGGGGACGCCAAGAGTCCCCGCGGTTAGATAGAG,1
60,GGACAAGAGAAAGAGGTTGA,1
61,TTGGGGGGGAGAGGTGGGGA,1
62,AGTATATCAAGTGAATGGCA,1
63,CACGTCCATCTCTGCAGTCGGGTAGTTAAACCGACCTTCAGACATAGTGAGT,1
64,CATTTCTCGCTTTGCTGGATGTTACTTTT,1
65,ACCAACAATGATGCAGCGCATGTGTC,1
66,ACCAACATGCAGCGTTAGTGTGGGTACGCGT,1
67,ACCAACATGCAGCGCTAGTGTGAGGCATGCTT,1
68,ACCAACAGCTAAGTCCGCCGATTGGTGG,1
69,ACCAACAAGTTATAGTGGTAAGCGGTTG,1
70,ACCAACAGCACGTACCGGGTTTTTGT,1
71,ACCAGCATTGATGCAGCGCATGTGTC,1
72,CGGGGTTTGGGATGAAGGGG,1
73,ACCAACAGCTAAGTTCGCCATTTGGTGG,1
74,ACCAACAAGTTACAGTGGTAGCGGTG,1
75,ACCAACAATGCCAGCGGCAGTGTCGCTCGCTT,1
76,ACCACAGTTACAGTGGTAGCGGTTG,1
77,ACCAACATACCGCAGCGTGATTAGTGTC,1
78,ACCAACAGGCAGCTCGGCCCCGTTTGCG,1
79,ACCAAAATGCAGCACTAGTGTCTGGCATGTTG,1
80,ACCAACAGGTTTGCAGCGCGTAGTGTC,1
81,ACCAACATCATGTAGTACGTAGTGTCGCC,1
82,ACCAACAGCTAAGTTTGCGTGTGGGTTC,1
83,ACCAACAAGTTATAGTGGTAGCGGTTG,1
84,ACCAACATGCAGCGCTAGTGTGAGGCACGTGT,1
85,ACCAACACGCAGCGCTAGTGTGAGGCTTC,1
86,ACCAACATGCAGCGCTAGTGTGAGGCATGTGT,1
87,ACCAACATGCAGCGCTAGTGTGGGCTCGTT,1
88,ACCAACATGCAGCGCTAGTGTGCGGCACGCGC,1
89,ACCAACATGCAGCGCTAGTGTGGGTCGTA,1
90,ACCAACAAGTTACAGTGGTAGCGGTTG,1
91,TAGGGTGGGGTTAGAGTGGA,1
92,ACCAACATGCAGCGCTAGTGTGAGGCATTGT,1
93,ACCAACATCATGCAGCGCGTAGTGTC,1
94,CATCTCCGAGTAAATCAATGACCTTCATCTCCCTAAACACACGTGACG,1
95,CATCTCCACTCCAACGGGGATTATGACATAGTCCCACTATGGTGAGTGCG,1
96,CATCTCAAATCGACCAATGCCATTAAGCTCCTATGTGTTCTTACTAGTGACG,1
97,TAGGGATAGGGGATAGGGGG,1
98,CATCTCCCAATTACGGAATAAGTGAAATGTCTTAGACCTACTATTGTGACG,1
99,CATCTCAAGTCCAACCATCCTCAATAGTGCGGGATTAGGGCACCGTGTGACG,1
100,CATCTCGTGCGACAACTCGAGACGCTTTATGCTGTTTAAATTTTCCGTGACG,1
101,CAGCTCCGCATGTATCCCAGAGACTTACTGGCCTGATGCTAGCGGTGTGACG,1
102,CATCTCTACAGATAGATCAAGACGTCTGGTAGCCTTGCTGTTGGATGGTACG,1
103,CATCTCGCACGTCGTTTCTATTTAGGAAAGAATTAACCTAGGCCTGGTACG,1
104,CATCTCAAGTAATAAATCGACGACAGATTGGTTTTTTATACCCACGGTACG,1
105,CATCTCCCGACTGGAACCATTGGTACCCTTTAGCAAGGAGCATAATGTGACG,1
106,CATCTCTCTGGTTGCTGATTCGTATGATTGTCTTAACTACAGGAGCGTGACG,1
107,CATCTCGAACAATGCTCATGGTTTGATGACTGTTGATTGTGCGCTTGTACG,1
108,CATCTCTGCTTCGCAGTAGGCCAATTATCTCATTCTACCTGCTTGTCGTGACG,1
109,CATCTCCTACCTCCACATTGAGCCGAATTGTCGCCTATTGATACGGGTACG,1
110,CATCTCAGTATACACGTCGTGATGAACGATAGATGCTTTTACCTCGGTACG,1
111,CATCTCGATAAAGGTGATTTTAGACTACACTGAGTTAGCTAATCTCGTGACG,1
112,GGGTGGATGGCGAGTGGCAG,1
113,CATCTCAGTAAGTGATAATCAAATCGCCCACGTAATACCTCCATGTGTGACG,1
114,CATCTCATTAGCGTACACATTTCATCTTACGACCCTTGTTTACCCCGTACG,1
115,CATCTCGGGCCACATAACTGATCCTTAAGGCCTATGAGATTGTTGTGACG,1
116,CATCTCCGAAGTACGTTTGTCGTTTGTTAGTTAACGAACGGGGCTGGTGACG,1
117,CATCTCGGGACCGTAGACCACGTGCGGAAGGTGGTCACGGCTTGCTGTACG,1
118,TTTCGCCATCTTTAGGCGTTTCCTTTTGGAAACGGGGCAGCGTATAGTGACTCGTGAC,1
119,TTTCGCCATCTTTAGGTTTCCTTTTGGAAAGGGCAGCGTATAGTGACTCGTGAC,1
120,GGAGCCATAGGTCAAAGGTGGGTGTGGTCGTATCATATCGACCAGCAAT,1
121,TCGCCATCTTGACGCATATCGTTTTCGATAGCACGTGTTAGTGACTCGT,1
122,TTTCGCCATAGGTCAAAGGTGGGTGCGAGTTTTTACTCGTTATAGTGACTCGT,1
123,TTTCGCCATCTTCGATACTCTCTTTGACTCGTGAC,1
124,TCTCTTTCTGCGGAGGAGGTAGGGGTTCCGCTCCAAGGGC,1
125,TTTCGCCATCTTTATTGCGTAAAGCATCAGTTTTCTGATACAAGGATAGTGACTCGTGAC,1
126,TTTCGCCATCTTTTCTCACACCGTACTCGGTAAGGTTGTTAGTGACTCGTGAC,1
127,AAGGACCA,1
128,AAGTCACCCTTTTGGGTG,1
129,GTCGCCACTCAAGAAGAGGACCAGATAGTGAGGT,1
130,GCTCTTAGGAGGTAGGGGTTCCGATCCAGGTGGCTGGGTA,1
131,CAAATTGATCGGTGGGGAGCAACTGAAAGGCGGTTGCAATGCGGATGGATGGTACGGTC,1
132,CCATTCTCCTCTGCTGGACTATTCGGGTCTTTGTTCTCTCATGGTTGTGT,1
133,TTTCGCCATCTTCCTTCGATAGTTAAAATAGTGACTCGTGAC,1
134,TGTCTCTGACCTCTAGAGTGGAGCAAATCGTAAGGATCCAGTGGACGAAA,1
135,GAGTAATAGTCAAGATATAACCAGACAAATCCTTCTGCACGGAGGACAAA,1
136,GATGAGAGGACCAATCACACAAATATGTGAGGTGCTGGACTCCAGCGGGA,1
137,ACGGAACCAGAGGACGAAATAGATGACTTGAAAATCCAATAACGTATCCA,1
138,ACATCATGCGAGCACACGCAATAGCCTGATAAGGTTGGTAG,1
139,ACACGCACGGACTTGTACGTATATAGCGTAAGGTTGATAG,1
140,ACTGCACAATCCAACACCGATTGCAAAGGTTGTTAGGG,1
141,TGTGCTAGGTGTTCTCTGAGCCAGACGTTAGTGTAGTTAAG,1
142,GTTGCGGGTCCAGGAAATTATAAAGCCTCTCGGGTTTTTTCGCACGGATTCGGTAA,1
143,GTCCCGGTCGCGAGGGCGTCTCTGCAATAAGCTGTGAAGCCGCACGGAGTTCGGTAA,1
144,ATCCATGATGACGACTCCATTGGAGTCGGGAAGTTGGAAATGCCGAATGCGGTAA,1
145,GGAACCAAATATTGTAAATATTCATGGCTGGCGGGAGGATGCACGGAGTTCGGTAA,1
146,AGAAGTGCACTTTGATTAAGTGCAGCCTGGTGAATAGTTCGCATGGAGTTCGGTAA,1
147,GCTAAGGGGGTCAGACGCAAAGTCGAGTTGCATAACTCCAGGCACGGAATGCGGTAA,1
148,TTGTATTAGCTACACTGTTAGTGCATCGTTTTTAATCTCG,1
149,TTTCGCCATCTTTAGGAATATCTATTCCACGGCTCACGAAATAGTGACTCGTGAC,1
150,TCTCTTTCTGCAGAGGAGGTAGGGGTTCCGCTCCAAGGGC,1
151,GGCAGCGAATAGAGGAGGTAGGGGTTCCGCTCCAAGGGC,1
152,GTGCTTGCGACGAGGTAGGGGTTCCGATCCAATGGGCTG,1
153,AGTTGGCGAAGATCGGTAGTACGAGGAAATAGGGGGTGAGTGGTGTAGGCTTGAAGGTGCCACGTCGAG,1
154,AGCACGCATGACTTTGATGCCACGTAAAGTGAAAGAGCTGTTGATCTGTCAGCGACACGAAATGGTGATGCCCT,1
155,TCCGAGCCGGTCGAA,1
156,TTTCGCCAGAAGCATAGTGACTCGTGAC,1
157,TACAGATAGATCAAGACGTCTGGTAGCCTTGCTGTTGGAT,1
158,ATGATGCAGCGCATGTGTC,1
159,TCATGCAGCGCGTAGTGTC,1
160,TTACAGTGGTATCGATTGGGACGTGTGGAGCGTCAGGATGGTACA,1
161,AGGTCTGCGTGCCTTACCTATTTATATTGATAGTATAAGCACTGCGAGAAGGGCTAAGTA,0
162,TTGGGCTGATGGCCTATATTTGCTTCTACCTCAGGGGTGCGGTAAGCTGT,0
163,ATGACTTCTGAACCGCAGTCTGCACTAGGCGGGGCCGTAT,0
164,GAGCCAGACTTCGGTCAATACGGACGGAGCGACCCGTTCGCGGGAACGTC,0
165,GGAGGTGGTCACACA,0
166,CTGCAAACTGGCGGACCCGGATCGCGAGGAGACTGGTCGTGGAAACGAGCGCAACTGTAAATCCGTGAAAGCT,0
167,TAAGGTCTCAACTAAGCTACA,0
168,AGGTTAAGAGAGCGGACTG,0
169,AACAGTAGGTTGAGAAAAAGT,0
170,CTATATCCGCCTTTTAGTACCTTGCCAAGGCTCGCGTGGCTTGAGTCCGGATTTATAACT,0
171,GGGGGGACAACACGCCGACAGAACATATACT,0
172,GTTGAGCGGCACTGGTACAGTTCACAGACTGAGATTCC,0
173,TATGTGAACCTCTTCACAATAGCAGCAGGTCCCTCTTGTGTGCTCAAAGTTTGATTACATCGCTGGCTTAGGT,0
174,CTGGGTGCCCCAATATTGCAACACATTC,0
175,GTGGACTTAACAATTTGCGGCCCCGCTCTTATACGTTAACAGCGTTGGAACG,0
176,ACGTCCTTCGGACTTCTGCGCAAAGAGATGGCTCCGAGATACTAATTACGTTGCGCGCTTCTGTTGTCGC,0
177,AAAGACGGGACCTGACACATAGGTGACCTGGG,0
178,ATGTGATCCCGATGCACAAACGATCTCATCGGACCTTATT,0
179,AGCTGTTGCCCGGCGGGGGAGAGCGGTCTGTTACAATA,0
180,TAAGAGTATACAAGGGCCGCTTCAATCTTTTTTCGTCTGGTATGCGATAG,0
181,TAACAACTCACTGGATATTGATAAAACCAAACAGCTTTGCCGATGTTT,0
182,GGAACCCTTTTTTGTCTACCA,0
183,CACGCCTGATAAGGCATATCACTCGCTGCAGCAA,0
184,CCTGTTTTGAGCCTACTTAGCCTCCGGTGTTTCCTTCACA,0
185,TGCGGGTATCTACAGATCAGGTGTAGCG,0
186,GTAGTCTCCGGGTCGCTCAATAGGCTGAA,0
187,GACGTAATTCCCCGCACACGGGGACCCGTAACAAGCGAAAAGACGTGTCG,0
188,CGCAGCGTTGAAGCTCTAGGGGCTCTTGTGGT,0
189,CTAACGGGGCGATCTTTGCTCGAGCATTTCCGCTCTGCA,0
190,CTTCTCAGGAGCGACAATTGACCTGATG,0
191,CGCGAATGCTGTGTCTCGTCCAGCACGAGGACCTCACCCATGACCGGTCGAT,0
192,ACAACCTACGGGCGGAGACACTTGCTACTGGGCGTGACGCG,0
193,TTGAGGGTTTGAATTTCTCCTTGGATCGCGTAACGGTGCACGTCCTACCTC,0
194,GACGAGAGTTTCGCTGTTTTACAACAACCAAAAAACTTCCAAGGCCGATAAAC,0
195,CAGCTACTACGGGGAAAGC,0
196,ATTGGATTTTGACGCCGTATATTAGCGGACGGCAACTTATAAGTAATCCAC,0
197,AGTGCGCTAAAATTCTCTGTTCAACCACCGAATATCCTCGCACAGTCGAGAT,0
198,ATCTGGTGTAGTCACCGCATAATTGTGC,0
199,GCTCGTCAGCATTTAAAACTGCGGTATACAAGACCTTACCTCTAACAGTAATGCCTACCCCTGAAGCGGC,0
200,AACTATGCATAGGAATTTTTAAGCACAGTTATCCACGC,0
201,TTTACTTTTGATTCGGGTAGTACGCGGAGCGGCCTAACTA,0
202,GGTTGCTAGCTGGATTTGGTCAGCGGCGACCTCACCTAC,0
203,GATGGTAGTAAAGTCTATCGCATTTATCGGCAGTCAGTTG,0
204,ATAGATAAATGCAACCCGACCGCCCCTCAGATTGAT,0
205,GCGCATCCTCTGACAACGCCTCACCTTTTAGACATAATGGTGTCGCATCTGTTGATAGACCCCATCACTCTGC,0
206,AGTTAGGCTTTTCACGACT,0
207,CTTCGTTCAGTAGGTAGCCCTCCCATGCGGTCCATAATCGGAGGACACAGGAA,0
208,ATTCCGTACAATTCCTGCATACCATA,0
209,ATAGACTTAAGCCGCCGTTTTATGAA,0
210,CTGATCCAACGCTGTATCAATTTGGCCT,0
211,GTAACTAGAGCCGATCGCACGCGCAT,0
212,CCTTGCTCACGCCTTAGAGGTTGAGAGGGGACCTCTAGCG,0
213,CCAGCCTGACCCCGGTAAGAAGGTGGTCAACCGTCCCAC,0
214,CCGCAGTGCTTTGCACCTGTAGCACGGGTCCCCCACGGGCGGGTGAAAGT,0
215,AAGACATGGTGGGAAAGTTGCGGTAGTAGGATCTAGAACTCCGAATCCCCCTATAG,0
216,CTTTCGTACCCTATGGTCGACGCGTTAGCTAGTGGAATGG,0
217,TCCTGTGTCAGGCAGAACAGAACACTAGAACTCCTCCTTGTGCCTCTAATTGCACCCGGAAGTCAATAGGTGC,0
218,CCTACCTTTGTCATGTCATTTTGTGCGGGTCCAGAATGCT,0
219,TAGGAGGGAAACCCTACACTCATCGCAGGCCCGCTATTTACCTGGTACCGTCC,0
220,TGGCGGTACGCCGCGGTCGAGTATAAGGTAAA,0
221,CCCCGCACCTGCACATCTATGCAAGGATACTTTACGCTCATTAGTGTAAGAGACAC,0
222,CGGGGATTTACATGA,0
223,TTTTAAGGCGTACCGGGTCTCTACGATCGTAGAGTTGCTTTCTCTCTGTCCGAGGC,0
224,AAAACTTCGCGGGCTGATGAACGTCCCGCGTTGCCCTTTGCTGCCGGATTAT,0
225,GGTGTGTTGTCCAAGCACACCCTATTCCTACCGC,0
226,GGATTGACTTCTCTTTTCGCCGCCGAGCTACTACTTGACCCGGCGCATCTCT,0
227,CGGGACAAAAACACTTTATGTTTGCCTAT,0
228,GTCATGAGGCTCTTATGAGTCTCTGA,0
229,TCGTATATCATCTCGCACGGCAATAT,0
230,AAATTCAAATTCCTCTTCGGACAACCGTGCGAATCATTCCGAGGTCAGTAATCCTCTGACGGGTGACTCGTTG,0
231,TCCGAAATAGAGCTTCCATG,0
232,GGCGACTCGCAGGACTCAGCTGACCA,0
233,CATGACTCCTCGGACTGGGTGCAGAAGTTTAATTAATCGCTATTTTGGCGTCAGGCATACTTCGTGTTAG,0
234,GCCTAGTCCGATGGGCTTTTATATACAGACTAGATTTAACTCCTGACCTGCTCAAAT,0
235,GTGTCCACCCGAACCTGCGGTGGGTAGGAGATTCAAATAGGTTATATAATACTTTGCCAAGTTCAATAAAACG,0
236,TCTGAGTGCATTAGGCCCTCTAGTATCAGTATGTTCACCG,0
237,ACGATGGTAAGCGAGTCGCACACCACTCCCAAGGAAAGTTGAGAGCACGTTTTTTG,0
238,CTAGACTCCATTTAAGTACAAAGAAGA,0
239,TCAAAGGTTCCGTCGGGCC,0
240,GGCAGTTGCCTCGAACTGCC,0
241,GGATAAAGACGTAAGGTAAGGACCGTTG,0
242,CGCTAAGCCAATGAGCACTAAATTAGATCAAG,0
243,ACAACGACAGCGTAGCATAACGTCTACGACAGGGGTTGATA,0
244,TTCCGCACATCCGAAGGTCGAACCGCCCA,0
245,CCCGGGAACCGCGCAGACCATATTCGCCAATCGCGACGAGCGTACGTTCAG,0
246,CTTCGAGTCCTACGGGAGCGAGCGAAATTTTCGTACTAGACTCTTGCCGTTCTCCTCGGCCGTCTATCA,0
247,GACAACAGAAGGTCCATGCCTAGAGATCTATAGGATGTCA,0
248,CCCTGCGATGAGGGCGTCTGTGGGCCTCCGCCGTCAAACGTCAGTCGGTTCCG,0
249,ACGAATTGGTCGCATGGTTAAGGGGGCTGAAGATAGAACATACGAGCTACCGAATA,0
250,CGATTTTTGCTTAGTAATAGAGCCTTATTCCTAGCGACGGCGCAGTTCTATTCCTGCCCTATTGAGAACCGCA,0
251,GGTTGGGCTTGCGGTTATCGTGATCCCACTGCATCAGCGT,0
252,AGAATTCGGAGAGAGGTCAGGTGGTGATGACGAATCTAGCATGAAGTAGCG,0
253,GAAAGCACGAAGCGGTTCCATACTGGCCCGATTCCTCGA,0
254,CAGGCAGGAACTAACATAGTAGTAAGCCCACTAGGCATGCAGGGATCCCACTAAACTATCCGCGACCGGACGG,0
255,AAAAGATAAGAGCATACGTTTTACCTCTCTAGCGTTCTGCTCTTGGGAGATGGTGGTTC,0
256,ATCTGAAGGTGAGTGGCGTAATCGAAGG,0
257,ACTGTGAGGAGATACATATTACCCGTCTTGACGAGTTGGC,0
258,CTAACCTCATCTCACAACG,0
259,TTTGTCTCAACTCCTGTCCCCAGTTTTTCTGGAGAGCACCGT,0
260,CAGTAGTAAGTCCCTTAATCCCATCTGGCTTTCGTCGCTTCGAAGATGTAGTCCGTTTGCCTGCTGCTTA,0
261,TATGAATGTATGGCCCACAGTTGGAATTATGAAAGAGT,0
262,CAGCTTGTGTAGGAGCCAGC,0
263,CACACGTTACGATGTGTAGGCGTTTGGGACGTTCCCAGACGCCTCTAATA,0
264,GTAGTAGCCCCTCATACAACTCTTCTAATGCGAAGGGGGA,0
265,AAGGGATCATCGATTAGGACCGGGCCGAGGTGTGACTAGTTGTCTCTTGAC,0
266,CAACGTCAGAACGACCCTTGGAAAACCCCCTGAGTTGTG,0
267,AGTCATACACACAACGCTGAGCGGCAGTGGCCATGGCCAGGCGCGACCCAT,0
268,GATCCTGCCAAAGTTTTTTTTCCGGTGATCAGGAGTAATCTCCTATGTGTCA,0
269,ATAGCATTGTGCCGCATTAGTTATAAACAGCCTGGGCTAGACGGAGTGCCTG,0
270,GGGTCCGGTAACTGTTTCTGTCGTGTATTAGAGGCAGAAAGAGGCTTGCTGCCGTATTGCTATAAGAAGACGC,0
271,CGGGAGGTTGCGGTAGGCCCCAATTAAG,0
272,CCCGAAAAGGTTCCCGACGCTCCAGGGTCCCAACGGGATT,0
273,ACCGGCATCTAGACTAGTATACGCCTTGATAC,0
274,CAGTAAGGGAGTCTAACGTCTCTTCGAACATA,0
275,TATTTGACAGACACTAGAGG,0
276,TTACTGCGCACCCCGCCTCTGTGGGGAAGCAAGTGCGACT,0
277,GAATCATCATACTGTTCGTCCGAACGTCCTCTGATTCTGC,0
278,AGTGTTAAGCTATTTAGGCGTCTAGTCA,0
279,TGTACATT,0
280,CGTACCTCAAAAACATTTTGTGTACCTGGTTGGAACATAA,0
281,ACTTATCGCCGGTTAACTTTCGATAGATGTCCAGCATGACGAATACATCCGCAAAAGCATGAGTCCATGTGTG,0
282,GGTGAGGACTTCGCATAATTGCCCAGATTAGCAGTTCAT,0
283,AGTGGAAAGAAGGTTTGAGCACGAGTGG,0
284,ATTCGGAGCACGAGGTTGCGTATTACTACTAGATTCGATTCAAGCATCATGACCGCCGAGTGCAGTGGTC,0
285,CATTGATTCCCTCGCTTAGGGGGATGTAAAATTGTACCGACCTCAGCCCCGATTATACCATATCTGGGA,0
286,CGGTCATC,0
287,CCTCACGC,0
288,TTAGCTTTAGTTGAATGTCGGGATCTCTGGTCAAGGTGCCTCCTTTGTCAAGGATTCA,0
289,GCTGAAGTACGGATAGAGCATGCGTACTAGC,0
290,CATACCGAAATAGACCTCCC,0
291,TGAAACATTAGCAACGAGCACGGGATTTCTTG,0
292,AGCAGAATAACCTAGGGTAGAAAACCTAGACTGCATCCAAACAACAGCAAGT,0
293,TAAGTGTGCGCTACACCGAT,0
294,TTTGTTGTGCGTTACGTGAT,0
295,AGTAGTTTGGGTTCATTTAAT,0
296,CAGTGTGGGGCGCGTCATCCGCATGGTAACGG,0
297,GGTGACGTTACGGCGACAACTCCCGACGCGTCACAGAGCCATCCATCAGT,0
298,GACTCAGAGTCAGGCCGTTCGAGTGTGGGTTTGGTAGCGA,0
299,GGAAAATGCTTGTAGCTACG,0
300,TGGTGCTGCAATTATAGAACCACCGCAACCAGGACATCGA,0
301,AGGGGAAGGAGCAACACAAAGCTCGTCTCAACCCTGGGCCA,0
302,GGTTAAATACAGGGATTCGCAAGCCCACTG,0
303,AGGTATTGACGCCCCTTAAATAAAATA,0
304,CTTGCCATTGGCGCTTCTCGACAGATTACGGGTAACATTACCGTTGCTTATCTCTGT,0
305,CCTTGCGGGATGGGCGGCAG,0
306,CGAATACATAGAGCTGCCTTATCCGTTTCCGAACCGAGTAGGTGGTATCAACAACACTCG,0
307,TGAGATGAATCGTAGCGACTCCGTGGCGTTCAACCAGGTGTTTCTACCCACCTAGGGACAGGTACATGCTGTA,0
308,CATTTGTACGATCAGACGTTCGAAGAAATGCCTGTGCACAGTAGCCTCAGATCTTAA,0
309,GGCGGTGCTGTCTAACAACTTTTTTCGTTTAATTCACCAC,0
310,GACGAGTCCTCTCCAGTCACCCCTGTATTTATGAACGTTT,0
311,TAGCTGAACCGGCCGAACCTAGCATGGCTACCCCCGGGGC,0
312,ATCCGAAGTCACCTCACCAGAAGTGCT,0
313,AAAACGGAACCGGTCGCCACGTCAACGTTCTGGCGCTAGA,0
314,ATCATCATATCCCTGCACTCGGATAAGAGACAGGATGGTC,0
315,GGCACTAACGAGAATGCGTCCCGCGTTGCTCTGCAGCGACTGTTACATGTC,0
316,GCTTTTCAATTACTCTACCCACGTCAATCGTCCTATTGAC,0
317,TCAAGTTCTGCTACCGTCCTCTGCGGCTAGTAACG,0
318,CACGCATACGCGGGCCTTTA,0
319,CCCCTTACAGGTGGAGGCTCCCAATCCTAGCTTGCTAGCT,0
320,GCTACGAGTGTTGGAGTGCC,0
321,CCCCACATATAGTCTCTGACAATTGCGAATATCACCAGCAA,0
322,AAAGATACGGAGTGATCGAATATGGGTAG,0
323,CGATGCGCTCTTCTATACGATCGACCG,0
324,GTGTTTTTCAAAGGAGGCAAAACCTAACGCTACACGGGCTTTAGTCAACGG,0
325,CGAGAATACGACAGCTATGCACCCTA,0
326,AGGGGCACTGTTGCGAATGTCGGCCATTCGATTGATGGGTTGGATTTCTACG,0
327,GCAGACCCAGGCTACCACTCACACCC,0
328,TCCGGTGCATATCTAAGAACCGATGCTAGACCGCGGTATGGCTAAAACTGAT,0
329,CATGTAACCGTTCTCTTACTATTTCCTTGCAAAGCCGCGTACGGTCGTATCGAGCCAGTTGGGGGCATGC,0
330,GAGGCTTGGTATGCCTACTCGCAGTACTTTGCTGTAGTATGATAATGCGGCCAGG,0
331,TAGGTTATCGTTTCACATTATTTTTAATTAAGCTCACTTTAATCAATGACTGGTG,0
332,TTGACTTTCATCTATCCGTGCTCGTTTGCTCAGACCGATA,0
333,ACACGGTCTTCTGAAACCCACTAAAA,0
334,AATCCGCGTGCAAAACCCCGTAAAGTAACTGATATGGCTCCGTAATCTCTAATCCGTAGGACCCTAAAT,0
335,AGCACCCTCGCGGTTATTGCCCTTGCCCC,0
336,GGAATGTGCACATAACAAACCTGGGGCGCT,0
337,AGTAGGCATGTACTTGTAGAGCAAAAT,0
338,TAGAGCTGTAGCCTTCAGACT,0
339,TTTAAGTTGACTAAGCTTAACTTATGGGTTGGTCTAAACACTTAAGCGCCGTTGCCCTGCGGTATCTTAT,0
340,TGTATCGAGTTACAGGCAAGCTGATCAG,0
341,GTATATCGGCGTCGACGCTA,0
342,TAAACCGGTGGCCATTGCTGATCTGTTAACTTCTGAGTTGG,0
343,GTCACGGACGTGCCCATGTAAATTACCGACGACCTATCTAGGCTAAGTTGCATCGGCATGCCTGATTTTGCCC,0
344,GAATCGACGCAAACGGCGCCAAGCAGGCCTTGTAGATTTT,0
345,GGCAATCGGACTTATCCCGCATTGAAAATACTCGCTTAATTCTTAGTGGTTCCTCG,0
346,AAGTTCGTTACAAGGCTGTTACCTGGCATTGTGATTTGTC,0
347,TCGTCAATCCATGTTGAAACGCAAACGCCGGTTAAGCCTTTGGACGCTTCCACACGT,0
348,AGTTTATGAGTGTTATCTCGAATCTACTGTACATGAGTTCTTGCGTCGGCTGGTATGC,0
349,CGCGGGGGGTGGAAGTGGGTCAAGACACTCCAGTCCATAGATGTATCTGCGT,0
350,TTCGAACGCCCGCCTTACATTCGACAGGTGAGAGTGGTAATTGCAAATATGTGGAGCTGA,0
351,ATATGGTCTTGACTGTAATTGATGACCAAGCGCGCGGCTTTTCGAGCGGCCCG,0
352,CGGATGCGTCACACCCCCTCTTCCCGGTGGGGGGGTCTGA,0
353,GCCAGAGAACACCAA,0
354,TTGGGGAATGATATCATCGGGAAGAATGCGATACAGGGTCTCATGCAAATA,0
355,ATATTTAGTCGCACGACAAATTTTAATC,0
356,CTATATCTTAAATGATATATAAGTTG,0
357,GTAATAATAACAGCATTCCT,0
358,TACTCCTTCCCATATGAGACGGATGGAGCCGGATCGAGAATTGACTTGGGTA,0
359,GTCTGCGCTCACACGGTCTATCCCCTACCGGCCTC,0
360,CAATGTTAGACCCATGCTACCACACCTTGTATGACGATTGCCGTACGAGGAA,0
361,GTATCGTGATACGAGATATACGTGAAACGGTGTAATACCTAAAAGTGCGCAGCGCG,0
362,CGAGACGATTGGATATGTTC,0
363,CGCAGTTGGCTGTTGCGAGGCTTGGGCTAGCTTCTATCCTGATCGGAGTTATAGCGA,0
364,GGAAGGGTTGGCCCGAGAGGAGAGTGAAGCTA,0
365,TCCAGCTATACAACCTTTCTTAGGCAGGCTTTGTAAGATG,0
366,GTTTCCAGGCTGAGGTAGAAAAGAAGGCTCT,0
367,AAGGCGGGGGAGCGGCGGAGTAATTGCTTGATGGACACTCCGATCCGGCGACAGAAGTC,0
368,AAAAGGTACTTCCAGGAACTGTACAACGTCCTTGGACATGCGTCAGAGAATAA,0
369,AGTTGTACCATACTCGGTGTGGGATAAGTAACCCTTATCCGC,0
370,CATAGATAACATCTGGGCGGCGAAAGTTGACTGTAGTTTA,0
371,GGTCTCTCGTGGGGAAAATGAACCTGCGATCCATAGTCACATCCGTTGAAA,0
372,AAACAGGCGGCCGGAAACATTAATAATTCTGGCATAAGAT,0
373,CAGATCCACTAAAA,0
374,CCTATCCTGAATTGAACGTAAATTCTATGTACAGGACTATCACCTAGCT,0
375,GCAGACAATTGCTCCATACAGGAAGCGCTACCACTGCATTCTCATAGGCCGCC,0
376,TGGCATCGACCGGCCGGTTCC,0
377,TTACGACTAAAGAAGGTACGTTCAGTGGTGCATAGGATATACAGAAGG,0
378,TCCTCAGTCCCCTTGGGGTACCACCGTACGGCGTGCTAGCCTCACCCATTAT,0
379,GTTAACCGCTAGATAAAATGCAATACTTACAAAGGCGCTG,0
380,TTAGCAGGAAGTTACCCGTCCTTATCGCCGTGGTATGTAACAATACGCGCG,0
381,GGCGATCCTTAACCT,0
382,TACTCCAAGTGCACATTGGCGCGTTAGC,0
383,GAATCCAGTGAGGGTCACCGTGTCCAGAT,0
384,GCGTACTTCAGTCAGCAGCGTTGTGGTACTTCGCCACGTCACCAGGGCCCCCATCCAAGATGGATATGAT,0
385,TAACGTGAATATCAGTACCGGCACCGCGATTACAGGACCC,0
386,CTATTCGCGCGCCGATTAACGGCTCAATTCAAGAAGGAGC,0
387,ATAAAGAGACCCAGGCTAGTCGAGTACC,0
388,GATTTGTTCTTAAGCATGACTTATACTGGGGTGAACTCCATCCCTTTGCTTTGAAACTATACAACTTAAC,0
389,GTGGATACAATTCCCAGAGTGAGGTCCGGTACCGGGGAG,0
390,GTAAATTGCCGTAGGATGTCCTCCCATTCGGGGTCGGCAAA,0
391,ACCTGCTCGCGCAAGGGGCTAGCGTAGCTTCTTACAAATT,0
392,ACGCTTAGCCACGGGGCATTAATTGAGGTTATGTGTATTATGTAACCAAAG,0
393,GAGGTCAACTCACTCATCCTCCACACTATTGTGACCAATCATGGAGCTGCGG,0
394,TACCCAGCGGTCTTAAGCCG,0
395,AATACGACTTCGATGAATACTAAAGGTGAGCTTCGATCACTAGGCACGCCGGCTTAGTATACCACCACTCAATC,0
396,CGGGTCACATCGAGTCCTTACAGAAACCGAGTGAAATCGA,0
397,CGTACTCAAGGCTGCCCTAAGTTCA,0
398,ACGCCGGCTTAACTGTACTTTGGAATA,0
399,ATGACAACGAATTCTTTTGGCTAAGGGCGTACGGCTAACGATGCTATCACGC,0
400,CGCGTGAATATACTATTCTTCGTGTATAGACCGTTGCAAT,0
401,TATTCTTAATCCTCGGCACACGACGCCC,0
402,CGGGTTTGATAAGTCATTAG,0
403,GCCGCGTGCTGTTTTAATGTTTCCCC,0
404,TAATATGATTCGTTAAAATGAATGCGGGAGTGGCCCCTCGGGCGTAGCCGCGC,0
405,CGAGGAAGTTCGGAACGAGATGTGTCCTGAGTCTGTACCT,0
406,CATAGTCT,0
407,TATGTCTATGGCGACTACATAGTTTCTTGCGTCTAAAGGGC,0
408,GCGGGAACCTCTTAACAATTGCCGTCCAGCATATCTCAAGTTCCTAGACCTC,0
409,CGATCGCGCAGAAATCCCAC,0
410,ATACTACTAACCTGGATAAAGCCCTAGACGAGTCACGTCA,0
411,TAGGGCTCTCGAGGTAGTATAAATAGAACCATCAATTGCCAAGGTTGATCC,0
412,CTCTCGGGACCACTAACCGCGGCCATCGTTCTCGAT,0
413,GGCAACTGCAGTGTCGCCGTAGGCCT,0
414,AGACACCGCGGGCCCAAAAGAAACGGGCCCTTCCAGTCCCACAAATTATTTGAGGGAGGGA,0
415,AACCTTCAAGCATCCATTCAGCTGGCTGATTTAGCCTGA,0
416,TTCAGCTTGGGAGACACTCGCTCCACGGTGGT,0
417,TATCCCTACGCAAGCTTCACTCCGAAATTAGAGTTCTGGG,0
418,CTTTTTGCAGCTGTCAAAACGATGCGTATGTCCGAAGTAACTACGTAATCT,0
419,ATGGTTCGTTACATGTCACTGTAAAGTCCCTA,0
420,CATTTTCCCACGGGGTCCATC,0
421,ACAATGATCAAACTACTAGCTTCAGCCCTTCCACTATTCC,0
422,GTTCTTAGGTGTGTCCTTGCGAC,0
423,CCGTTGCTGCCGCAGCCGGATGCTAGACATGGATGTGCGA,0
424,ACACTTTTCCGCGTAGAGCCATTTGAGGCAAAATGAAGAC,0
425,TAAGTTGTCCATCAGGGGGGTATTACCCTCGGATCAACCAAACATGGCGGTT,0
426,CCTTACAATTTGCGATTCC,0
427,AAGAAATGACTAATCGAGGGAGAGGAGCTTATCTTTAAGC,0
428,CGCGTTTGGGAGCGGTTCGAACGTTCGC,0
429,GATTTATACCAGATCGGAGATTTTCTCTCACA,0
430,TGCCCCCCGATAAATTCTTAGAGCGAGAACATGTCCGCCGACAGTTCATTCAC,0
431,GGAGGTCAACGGACGACAACACCATGCGACTATCAGATA,0
432,AGACTAGATCGCAGTCTTGTGCGTTCCGTGTTGAACAG,0
433,TGCCATTCAGTGTAAGTGCGTTCTGTCATCGAGTCGGGACAGCCGTCACC,0
434,CGTTATGTCCCACACCGTCATGAACTCTGCTAACGGCTGTGTAACTCTTTAATGGGG,0
435,GTCGAAGAACCTGCATTTTACAGCGCCC,0
436,CAAACCAAATGGATTTAAG,0
437,GAGAGTTAGCGTCCCGCG,0
438,TTTGTAATAGGTTCTCAAAG,0
439,TGGGTGTTATCAGAGTAGGTCAGTGCTTTTCACGTTTACCTGTATAAGAATTATCATTA,0
440,TTTCGGCCCGCCGATTGACCTCCTGGGCCATCGATTATAAAGTTATGGTTAGG,0
441,TGAGCTCTCTGTATCACCCAAGAGGCCGATGAGCTCCAAGAGCTTTGA,0
442,CCTTGAAGCGTAAGCGTAGATTACGACAACCACATGTCTA,0
443,CTCGCGCGCATGCTACACTCGGAGTATACGATCCTTCTCC,0
444,GTTTCTTACAATTCATGGTTCCACTTATCTCAGTTCATGAGTTTTGTTGGCATTAACA,0
445,TAGTAGAGTATCAGTCATCGGCTTATTCTACATTAAACGT,0
446,AGATAAGTCGTCTGTCCATGCCGTACGTATCAGTGTTGGGGATCGAGCCACAC,0
447,TTTATATGGGATAGTCTAAGACCAAGAGTTAAACTAGAGTAGTGGCTCC,0
448,CTGTAAGGTTTTTTGGAAAAAACATTCAGCTATATCAAATCTTTCTTACCGG,0
449,TATCTGACGACCGCGACGCGCGAATGGAAGTCAGGCCGTATCGCCGCTTG,0
450,CATAAACATGACCTTCTACTCCACGCCA,0
451,GAGGCATTAAAACTCGTGTAACCTTTATTTGC,0
452,ATACACTGCTAGTCTACCGGTGC,0
453,GGACCCCCCTTGAAATTGTGAAAACACTCCACGATCGGAC,0
454,TACTGATCGCAACCGTCCATTCTCACGGGACCCGGGTCAA,0
455,TATGGACTCCTGCGGTAGATAGACGCTCCTATTATGCACC,0
456,ATATCCCGAGGAAAAGGGGA,0
457,TAAATGGATACGGGTTTCAGCACATGCGCTAGAAGG,0
458,TACAGGACTTTTCAGGTAAAGGGCCAAAGTCCGTCACAGT,0
459,ACGCCGATAGTTCAGTTTCTGGGTCCGAAATCTTCGTA,0
460,CATAGGTGAGAACGCCGCCCTGCTTACGGATGTCACCCTC,0
461,ATGCTGCCCACCAACTACATTTTTTCGTAAATTTGACATGATTGCTAGCACTTCATGCATGAGGAAAATG,0
462,ACTACGTAGCCGTCACTCCG,0
463,TGGTGTCGTTTATGGATGGCCATGAGCATATCCATTGCATGGCTCGTCTGCCACAGCCAAG,0
464,GTCCGATTCTTTCCTTCCATTAGATTCACCGATTTTACTC,0
465,TTATGATAGTGGAGCGAAGGCTCACAGGAGCACTCTCCCGTAAGTAAGCTGGG,0
466,CGACCGAGCCTGACCTTTCTCAATGGGGATCGGACTACTCA,0
467,TGAATTATTCCGTGCTATGGTCCAAAGAGTCCTCCTCGTACTCTAGTGTCGGAACTGTCGAGACTAGTGTCGG,0
468,TCTTTGAGGTGATCTAGGGGATGCCCCGCCTAATTACTAGACGATAGATTAA,0
469,GAGGTTGGACATAGGGGCGGATTGTGCCCGACTGTCGTGA,0
470,CGCTCCTGGAAGCTTCTTTAT,0
471,CGTCAAGGACCATTTATCCTCAGAGCC,0
472,GGCCTAGCTATAAGGCAGT,0
473,ACCCCATCCCACCCTAGAGGAAAGCCATAAACTGGCCACCACCTGGTTTGCCTGACAAAAG,0
474,CTAGCGCACAGAGGCCATCAAACTGGAACGATTTGGGA,0
475,CTGGCGATTCATGCACGTAAGGCCAGTCTTATGAGACTCA,0
476,AGCCTTGTTACCAGATATTAACACTCCGCTGTCATCGCGTCTCGTATTGCCACTTT,0
477,GTAGAAAGCGGAAGGACGCAAAACGATGTTGAAGGCGCGGGGGATATCCA,0
478,GAGAGAACAATTGGGGTTATACAGAAACCAGGCCGTTATT,0
479,TCCTGGAGAGCATCCAGGTACCGCTTTATCGGCGG,0
480,GAAGCTCCAGAGGGACGGACTCGAAGAGCATCAGTATTCGACTTAAAGCA,0
481,GGCGCTTGGCTGAACTAGCCAGCGCTCAATGGAGCCAAGG,0
482,CTGTACACAAATCCTACTGTGCCAATTGGTTTGGATATTAAGCCGAAACA,0
483,GTTAAGCAAGCCCAATCACTCATGACGACGCGATAATTTA,0
484,ATACAAAGCTGGGATGATAACTGTCTTGCCCGTCGTAAGT,0
485,TCCCGCTACCTCTCACATGCCTCATAGAGTGCTTCGTACT,0
486,AATATCTTGCCGAGCGGTCAAGCAACCTATACAATTGGCCCCACACTCATTTTGCCCGTGCCAGATGCCTCTC,0
487,GCGAACTACACGTTACGAGATAGGACCTGTCCGGCAGAGGA,0
488,CTCTGTGTGAGGAGCTATCGCCATTCGCCCGGCTACCTCTGCGACGACAG,0
489,ATACCCCTTGACGCCAATAATTTACGGTGGATCCATAGACC,0
490,CCCGCCCGATTATTATGGCATGAAAACGAATGGCTAAGCCTTTGCTAGTAATACATGATGCTATGCGTAACTTA,0
491,GCTCGCCCCGAGTCCCTTGC,0
492,AAGTGACCGCACGGACCTAAAACCTTCCAGTGCGTATGGC,0
493,CCAAGCCAGCTAATGTAGAGGAATATAA,0
494,CGAACAGGCACCTCTCGAAATGGATG,0
495,AGCACTATGGTGGATGAGGCTTGCACAAGGATCGGACTA,0
496,CCTCCAGGGTGCAGCCCTATCCACCTAGCAACCTGCCATTGCCCCCCGACCG,0
497,GTACCCTTATAGGATGCCCGAAGTGGAAGTGGGTTACTCG,0
498,TAACAAAAGCCGCACGATCTTTCGCAATGTGATG,0
499,GACGCCAGGAGATGGCCTATTTAGCTAGTGTCATTCACATTCAACGGTAAACA,0
500,AGAGTGTCCACCAACATAGGGACCGACG,0
501,TGAGTCCTTTGCACGGAGGTGCCAAACGATGTTTTGAGGAACCGTACTAACCTC,0
502,GATGATAAAGAGGATAAATTCTAATTGGCATGCAAACTGA,0
503,GTGCTTGAACGCGGAGGTCTGATGGACATCAGAAGCAAAAT,0
504,GATTGAACTTTACTTCGTTATTCGAGGTCGTAATGAAACTCGCTGGATG,0
505,CAGCGCGTGACGTCTTGCGCGGCCCCGATACCGATCTTAC,0
506,TCCTACATCGTGACGATAAATCACAAACAGAAGTTTCGTGCTCCCTCGATG,0
507,ATAAGTTCGGGCTCTCTTCTGCATCTGCATGCGATGATTGTCCAGGAGGACTGCTTCTGAACTCCTGCT,0
508,GTTTATATACCCCCACCACCTGCGAAGTGAGAACGACTCCAGACGCATCGATAAGTGATGTTATCGGGC,0
509,GATGAACCTGGCAAAAAAACTGAAGCCTTCGGATCCGCCGCGTAAGGCGG,0
510,ATTATGACTGGGGGTGAGTCAGCTGAGTCAATAAAAGCTGATGGCCCTGGAATGTGGTTG,0
511,GTTGCCCTCGTAGTCCGTCTATGGAGTCTATGAATTGTAC,0
512,CGGATGTCCTCGTTGTAGACAACAAGAGTAGCCACTAGGG,0
513,ATTTGTTAGCGTCGTGAAATAGATCAGCTCTCCCCGGATCGCTGTTCTACCT,0
514,GCGACGGAGCTATTATTTTCCAGCATGCGTCGCGTGACTAAAGGTGTTGTG,0
515,GCTAGGCGGCAGGGCCCCGATCGTGGTCGGGAGGTCAATGTAACACAGGCC,0
516,GGACCAGGGCCCTGACGCCGTAAAAACTCCTGACGGGTTTTTGAGAGGAGA,0
517,CCCAGTGGTTATCGATATTAGAATAGCAGGAAGCCATGCTGTTAATGCTA,0
518,GAGGTGCTTTCACGTCGTTGTTGGCTCC,0
519,GGCTAAACGCTACCGGGTAATGATGAAGCACACTGCAACTT,0
520,CTTGCATCGGAATGCAAAAAAGGAGGCCAGAGTCCCGTTTGACGAATAAGG,0
521,TAGTCAGACCTTATAACACCTCTAGC,0
522,CCACACATAATGGGTGCGCCCTTCCCATTTGTATAAAGGAGTACACAGGAGC,0
523,GCCTGACCCCTCCTCGTCTTGTGCGGGGCTCACAGACTGGTTGAACCGCGCAAGCTGAGGTCTCTAACCAGAG,0
524,ATTGGGAAATAAGGATTCAGCGTGATGGCCAG,0
525,CTTGGATGACTTAAGAGTGG,0
526,TACCCCAGCCACAAT,0
527,AGCGACCGCATGGCTTAGGCTACAATATCCGAATGTCGACACCTGAGTCTAG,0
528,ATATCGTTCTATCAAAAGATCCCGGGGCAGCTCCATAAGA,0
529,CTTTATGCCCTATTCGGAAGGGTCGAAATCTA,0
530,TATTATTGAGGCCACATGCCAGCGTACTTTCAAGATGGGCACTATACCCT,0
531,GGATGTTATGGGTTCCGGGGGGAATGATGTCTGAGGCTCTAAACACGACA,0
532,TTTTACAACGTACACGTTAGATGGCACCCCAGGATTTGAGA,0
533,TTGACTGTAGACCCAAGCGTGTGACGTAGATATCTGCTGT,0
534,CGGCCCTTCAGGACAAAATGAAG,0
535,CGAAGTACGAGCCCACGTGC,0
536,GCATAGTCGATATCCGTGGACGCCCCACGTAGTGCTGCGTCCCTACAGTGGC,0
537,TAGGCGGCGAAAATCACGTACTGTTCCT,0
538,TTTAATCCTTCAACAGTAAACGAATACAAGTTACGTCATTATGATTGTAGGC,0
539,TCACCTAGCTTTTGGCCCCATGAAAACAATTC,0
540,ATCACATCCGGCTGATCTTCA,0
541,CTGACACGCAGCAGGGCAGAGTATGAGTGATAAGCTGGGCAAGGTTCAACC,0
542,GCATCATATCGGGATACGATGGAAAGTCATAGAATCTCATTATACTACTGC,0
543,AAATCCCAATAAAAGCAGAATCGAAATTGGCGCCCAAAAAGCATTTGTTGTT,0
544,TAACCATCGTTCATTCGGAAGTGAATC,0
545,ATCGTGCCGTTCCCAGCCTCAGTCTAAATTTCCCTGGTCC,0
546,TTAACGCTCTTAGCGTCGGGTCTAATAGCCCAGGAGCCGGGT,0
547,AGGACGGACAGCTCCGCTAACGCATCCGGCGGCGATCATG,0
548,CATCCAATCGTACTGTTGTGAAGAACTTGGGGGCGGGTAAG,0
549,AAATAAGCCCGGATGTCAGGTGCAGAATGC,0
550,CATTTCATCTTCCTCTATCTCGATCT,0
551,CGGTCGTAAATATTACTAC,0
552,GGCTGATCGAGAGGGCCTGCGAGTGGGTGCTTAGATGCTATTTTTGATGTCGTCGCC,0
553,AGAGTCCATATACCCGCTAAAAGTCACCACCGGAAGTCCTTCAGCTCACTCC,0
554,TCGACGTGGTAGCACGATTTCAGTGGGCGGTCGACCTGTGAGTCTAGCTAGTCGACATTGGCTTCTTACCTAA,0
555,AGGATGAACGTGATCTTGCGCCGTTCGTCCGGTGAGCGGCGA,0
556,GTGACCCGTCCATAACGATACTACAAGCT,0
557,GGAGAAGTGGAACAGCGGTCTCGCCTTAAAAATTCGTTACTCGAATGTTTCAAACGCTT,0
558,GTCTAGTCGCACCGTACTATCGGGTAGACTGCCAACCGACGTGAGACGATA,0
559,TTTAGCGAAGTTGGTGGCAAACACTGCCTCACCACCTACG,0
560,ACCGTCATTTAGATGATGTCCTCCCCTT,0
561,GGTAGTACAATCGCGACTAAAGATTTATGACTTGGGACTATACGCAGTGAG,0
562,CAGACGGTCTATTTTAGCTATCTACTCAAGATGCGTCAAG,0
563,GTTAACGTGTCCAGCGCACCTAACTTAAGACCGTTCGCCA,0
564,CCTAACTCACTGTGACGTTC,0
565,CAAAAGGCATCCGACGCTCCCCAGTCGTTATACCACGATA,0
566,GCACAAGACGAGCTAAGAGA,0
567,GTCTAAAGAGAGGAACTAGGAGAGACATAAGACAAGGTATCTCCCCTTGACCACCGTCGACAAACCGTCGTAG,0
568,TGACATATGACGTTCTATAACAAGATCATGGTTAGAGGGTGCTCCCGTTTGCTATT,0
569,TTCACTCCTACAGGACTCGTCTTGAAATGGGGGGGAACGA,0
570,GACAGACGGCAAGCTTAAT,0
571,GTGACAAATTAGTGAGACGGTGTGATGTGCAATGTCTTTGCCCGCCTATTGCGCACAGGGGCCATTGAGAGTC,0
572,TTATTTAACTTCCATTCCCTGGATCAGCTCTG,0
573,CAGAAATTCAGGGCTTAACCCGTAACGGTTGGAGAGCGTGAAACGCAAGTATAACTTCAA,0
574,ACGCCTCAGCCTTTTACTTTGCAAGTGGTAGGGTGCTTAA,0
575,CGTAATAATAGCCGCCACGCCAAGTTGAGCCGCCCCACCAG,0
576,TCCTGCCGCGCGTTAACCCTCGACGAGAGTGCTGCTAAGTCAGGCGTTACCTTTTTGCGGATACACTGGC,0
577,TCTTACTCTACCAATACTGGCAGTCGATACTGTGAATGCTCTAAATCTA,0
578,TAAGAAGCAAAACTGAGAACGCATAGGTTGGTCGGAAGGTACTCACAAACGT,0
579,GCTGTGTTTTGGAAGAACGAGTCGTCCACGGGAAGGTACT,0
580,AAATTTAGCGTTCTCGTAGTAAAGTGCAACAAAATCCGCAATAGA,0
581,CATACGTTATGATGGATTAA,0
582,TACCGCTCCATCGAGGTTTGATC,0
583,AACGGGTCTGATACGAGGAATTTAT,0
584,CTTGGAGTCCCACAGAGGATAGGTGTTCTGGCACC,0
585,GTAGATATAGCGGCCCAAATTGTACTGCTGTAACAATA,0
586,CTCCCCACTAGGTATATCATCTCTCTCATGTCTACCCATTAGTACGTTCTGA,0
587,GCGCGCACGGGTGTGATCCGCGAGTCTTAACTTGACCATTAGTTTCACCACG,0
588,GGTTCTAGCATAAAATTCGACTCGCAGGTCGTAAGAGCAT,0
589,GCAGACTTTAAAGCGAGTGTTGCCATGG,0
590,CCATCCTGACTATGGGACACATGACTTCTCCATTGGGGGG,0
591,ATGTGGAAATGACGATCACTTGGTAC,0
592,ATTCGTCGGGTTGATGCGCA,0
593,ATACCTTTTTGTTGTCCCT,0
594,GCCAGATTTGGTCCTGTCTCCAGGCCGGTGTTTCGAACTT,0
595,GATCTGTTTAAATCACCGGGGTTATCCATCGATACATCAT,0
596,GGGGTGACATCTCTCTGGGAGTTATGGTTAATTAGTCCACCAGGAACGAGTT,0
597,CTAACAGCGAATAG,0
598,TGGATAGGCTCCCGCGCCGGGAGAGACCAGTATCTCAAAGTTAGTAGGAGA,0
599,TGGGCGTATACACCCATGATCCCTCCTC,0
600,ACGACGATCACTTCCTTAGGGGGTGGTGGACTCATCATAG,0
601,AGCACCGCCGCGATAAACCGAATGTCTCATGGGGCGACTACACGCTTCACTATC,0
602,GGCTACCGCTAGGGGCAGACAGTATC,0
603,CAAAATCATAAGAATCCAGAATCAGAGAGCGGGTTTATCAAGATGTATTG,0
604,TCTTAGCCATAGTATAACACCAGTAAGCCTGCCTACTCTTTGAGGCCAGGGG,0
605,CTGGCCTTAAGCTG,0
606,AATTCAGCCCATGCGTAGCCGTCTACCGGGAGGACCATTG,0
607,CAATAAAGCTCTTTATGAAAGGCATGGCCCCAAGGCGGTG,0
608,TCTAGACCGATCGAGAACACATCGCACCGCTAAGAGTGCCAGATTCCCCGT,0
609,CTCAAATGAGGGCGTATGACAGACGAGCTTCTCGCCTCCC,0
610,ACGCTGCATAGAAGGACTGCTCTTTAGAGGCATCATGTACCGTAGGCTAGGGCACA,0
611,CTCCAGTCCCCATTCTGCACATTGAATATCCACGTTTATC,0
612,CTGACATGCCTGTATTTGCGGTGATCCGACTTGACTCTGGTCTCTAACT,0
613,CCAGGCCCAGTGTTGAAAGCTCCGCACGCTGAAGCTTTCC,0
614,CTACAAACGGAACAAATTTTTGTTAT,0
615,CAGTACTAACAGACATATCC,0
616,GGCTAGCGCTGTATAATAACCTCTTGTGCTGC,0
617,GCCACGAGCGAAAAATTTTACAGCCTGTC,0
618,TTCACGCACGCATGTCGGTTATGAGGGCTGAGGACGCCCGAAGTAGCCACAA,0
619,ATCTCCCTCGATCTATGGATGCATTAGTCGCGTTAGCAGATGACGTACATTGCCT,0
620,CCCTAAGGTCCTGACAAAAAAGTGTAGCATGTGCTAGACAGCGACTAGCC,0
621,TCGGCGCCTGATCTTGGTGTATTGTGCCCTCC,0
622,CACTATTTTAAGATCGCCCGGCGAAATTGGACCACTCGT,0
623,AGTGACGGTAAATAGGCTTAAAAGGAGGACAT,0
624,CTCCCCAGTTCCCCCATGAACGAAGGACGGAGGCGGCAAAGCGGCGGGCGAA,0
625,CGTTTAGCCTCTAGTGAACA,0
626,GCTCTGGTTAACTATGGATGACTATATGGTCGTGCGGTGGGTTGATTGACAACCTTGA,0
627,TCGAACAATCGGGAGGTTTCCTGGTTGCATCGACCGAAACGATTCCCAGGTCTCGTCCA,0
628,GGGCCATCGAGGCAAAGCGGC,0
629,CTTTAAAGTGTGAACCTGAGATG,0
630,ATTACACTCCGCTTACACAGGTGCAGCTGGACGGACCTAC,0
631,ATGCCGCTCGGGTACGTAACCAAGTCGCTCCGCCTAGTCAAAATGATTGACTC,0
632,AAGAGGCGAGACCGGAGAATCGTTTGACCGGTGTAAACTA,0
633,GAATTAGTACCCGAGCAAAA,0
634,GTGGATCAGTCAAGATCTAAGGCGGTCATAAAGGTGGGTG,0
635,CCCGACTACCCCGCCGATGTCGAGCCCCTATGAAGACACGCCGAGTCGGGGG,0
636,TTTTGCAGACAAATACGTCGCGGAGCCTCGTCTATTGTAC,0
637,ATAATCCTCAACAAGGCCGGCATGTCACGGTACATAGGAA,0
638,GCGGGTTACTCATTGAGTGGGATCAATCATTAGGGCGATTGGCGGTGACC,0
639,CCGATGCTACGATGCTTTCGCGACACCTATATTAAATCCCCAGTTAGGCT,0
640,TGCGAGAAGGCCATATGAGT,0
641,CTCTACAGTGAAGACAGCAGTGGGAAAGTAACTTTAGGCGGTGGTCGCGTC,0
642,AGTCAGCACCATAGG,0
643,TCATAGTCGAGAATCTAACGGATGCTTGGAGGACGAAGTTCGTGCCGATCGG,0
644,ACTGAACCGATCCGAGGCAATCATGTTCC,0
645,AGTAAGTCTCAAGGTCCTTCCAGTCAAAACC,0
646,CCTCCGCGCAGGAAAGCCA,0
647,CGCTATTCAAGCTGGTTACTATGGAGTC,0
648,TGACTGGCCCTGAGTCGCTTGCGTGTTAGGAAAGAGGTAACACCGGCTGACAA,0
649,CCCTACCAGGCATAGAGACCAGCATCCTATTGACTTGCAGCGCCGATAACTA,0
650,CCACTTGTAAACGTTGTCCGCTAAACACCGCAGGATCGTTTTCAGGAACGCGACC,0
651,GCTCATCTTCCTTGTCGTTTCTTGCACTATGCTCGTAGCC,0
652,GCACAATCGCGTTCACGACC,0
653,ATTTGAACAGCATACTCGCTTAAAGACAGGGCCAGGAGGGCTCAGCGACAGC,0
654,CATCGAGAAAGGAGTAATCTGTGAACACGAGTCTAATGGT,0
655,TATTCCCCGTAGTCGTAGCAGGGGGCTG,0
656,GATATCTGACTATCCTCGATTGACTCTAATAGGGC,0
657,CGAACGAAAATCAGGGGGAACCCGTTTCG,0
658,AAATCCTCAGGATTAAACATTAATAGTCCGGGGATGTGGAAGATGGCTGTTGTCAGC,0
659,GAGCTCGTGAGTTACCTGCGGCGGGGAGATCTTGAGATCATCGCCCAAATTTA,0
660,AGGGCGTAGCTAGGCTCAGTCATAGCCATACACATCCACC,0
661,TGATGATCCCGGAGGATGAC,0
662,TGGCTCCCCCTAACAGGAAACAATGACTCCGCTGCGCCGA,0
663,CGCTCTATGAATCCGAGTAGTACGATGTCCGGTCAGGAACAGATCTGCAC,0
664,TGCTTATCAGTAGACTTTTGCCCGCTAAGACACTTGGGACGTCCGATGAGGTCCCGCCAGGTAGAGACCCACTG,0
665,CGCGTAAAGCGTCCCGTTTAACC,0
666,TACCTGATAGCAGCATGAGACACCACGATCACCTAGGACA,0
667,CATATGCGTCGTATTAATAGGGGTTGTT,0
668,CCGACCGAACCCCCCCGAGCACTTTGCATAGAGACAATGC,0
669,CTTTATAACGAGGATGCGCCTGAAGATCCCGGCAGAAGAACACTGATACACG,0
670,CATTCGGCGCAATACACGGACTGTGTA,0
671,CTAGGTGTTCGGAGAATACTTCGCGTGTTTGACCAAGTGCTCCCCTCCGTGGAGACTGTCGAGCAGCGGC,0
672,TGGATCACTTCCGCTCCTGACGCGTGGTGGATCAACTTCG,0
673,CCTAATCCAGGGCGTTCGCTAGCACGTACCGTCGCGGCTG,0
674,ACGATATTATCGAACGTACCTGTTTCAGGTATGAGGATCCAGCTT,0
675,CGAACACACGTGAAAGTCAT,0
676,CTAGAAACACTACACTGATG,0
677,TCGCAGGCGTGGAGCGTTCGGGAAC,0
678,ATGGCTCGTGTGGATGGAAGGCCTTCGGA,0
679,TCCAAGGGACGTAGGCACCCTACTAGCGTGAAACTTAGTGCCTCTATGATCGC,0
680,CAGTCAACTCCTTCTTTGAATCTCCCTCGGAT,0
681,TCGGGATCGTATTTTACTGTGCGGGGA,0
682,TTAGGACTGAACTATACGACTACTACGGCTTA,0
683,CGCAGGGGATGGCGCGAGCTGTGATGCCGTCCGGGCTCC,0
684,GAGGGCTTCGCCGCCTCGTTGTTAAGCAGCTGACATCCT,0
685,AAACCTATTTGTACGATTCTTCCTTATAGACCATCAATAG,0
686,ACCCCGCTTTACCTT,0
687,AGGAGACAAAAGTCGTGCATATCTGATTCACGCACCTGTT,0
688,GGTTAACGCCGGACGACTGCCAATAGGTGGGATCCTCACA,0
689,CTCAGTACAGCAACCCTCTGTGATGCAGGCCCCGCTGGTT,0
690,AGCGGGGTCGGAATGCAGCATTTGCATTCGAA,0
691,ATGCACGGGCAAGG,0
692,TGTACCCTAGGGGCGATAA,0
693,ATTCAAAGCAGGAGACTATGCACCGCGGAATCATTCGGTACTCAAGGCCCAA,0
694,CAGTTAGAAAGATGATATACTTAGATTTGTCTGATGGGA,0
695,GTATGCCGGACCTTGCCCAACGGGGACGCAGCTTGAGTAC,0
696,TAAATGCCTTGCCACCACACGCTTTGTCCCCCGCTAGACC,0
697,AACGACGCTGCCGAAACCTTTCTCTACTAGTTCAGATCCACGTATAAATC,0
698,CTGATAACTAGAAAAAACTCCCAAGTCGATAGTAATTGCCCACGCCCGGGAT,0
699,CCTGTGGGCAGGGTCCTCGTCTTAAAGGGTCTGGGGACGCCGATCAACGTT,0
700,ACGGCTTTTGGGCCGAGTTATGGCCACGC,0
701,CGGCTAAGGTGGTCACGGCGTGACGCTACGCTCGGCGGT,0
702,GATATGCAGTTGAGAGATGACGCCATGGTGTCAA,0
703,AGCAGTATGGCATCATAGCGCTTAACTGAACTGTCCTGAT,0
704,GATGTGGTTACCACC,0
705,GGCTCTACTCAGCCCTTCCTCACCCCACATCTCGGAGATG,0
706,CACGGCGCAGGATAAATTTACTCCTAGATGGAACGCGGGACGCCCTTAAAGA,0
707,ACCTTTTATGTGACCCAATTGTCCGCAATAT,0
708,TTTTTCCATAGGCATAAGCAAGCAGTCTTAACCGCCTCGA,0
709,AAGCGGGTGGCCTAGCTAT,0
710,CACGAAACTATCAGTAATTCTTGGCGTGCTC,0
711,CTCCGCAGGAAGCCCGTTGGGCCCTAATTCGCCGCTACGGACGTAAAAACGACTCATCCAGCGAAGGGCAGCGT,0
712,TTCAACTGACCTCCGACCGACTTACACGTTCCATGTAGCA,0
713,GCTGCATTGCTCAAGGCTGACTTCGGACCCAAGTAGAGCCG,0
714,TAATCATGGCACAATGCACGTCTACG,0
715,GAGACTCCATGCCGGGGCGAGCGCCGGGAAGGGATGTGTC,0
716,AGACCTAATACCATCAGTT,0
717,TGATCCGTCATAGCCACTCCGCTAGAGAGGGGAACTGAAACAATATAATGGAAGTTC,0
718,GAATGGTTAGTGAAATCAAGCCCGCGATAATTCCGCAAACGGCTGGAAGGG,0
719,ACCTGCGTCCACAGCGCGAACTGCGTT,0
720,AGGACGGAGGCCGTATATCGTTACCAGTTTGCATTACAGC,0
721,GGTAGTCGATTGCTGCAACTGGCGGATGT,0
722,GGACCACTTCTGTTTTAGTTTGACGGCAAGTCATGGAAAGACAGTCACAATGGAACTGTCAAGTACGGATTCA,0
723,GAACAGCTCCCATATAGTGAATGACATGTCAAGTTCAAATCCGGGGTGTTTGGTGCGCCTGTGGATGATGCTTT,0
724,CACTTCTTCCGCGTAGCAGGAAGCGAGCTCGATATGCTCAA,0
725,GGGCACTGGACACGATCCGGTATTCTACCGTTTACAAGCAT,0
726,GGATCAACGATTCCCGCCTCTATAATCCTTAAATTATCCACAATCTGGACGCGGCA,0
727,GGTCGTTGACTCCAGCGCCAATCGGATGTTCAGAAGGCAG,0
728,TTGGAGTAGGCGTACCCTAGGAACGACGTAATCTGGCTGT,0
729,AGACACCAGGGCTGTTATGTTACGAGTAATTTCTGTGGTG,0
730,ACTATATTGGTCCCTATTTG,0
731,CATCGGGGGCCTACTAGGGCCGGCGGATCGAAAGACAAGAGTCTACGATACAATGGAA,0
732,TATGAAGCTAAGGCCGTTTCGCGATCTAAACTGAGGCTGTCCATGATC,0
733,ATATTCTTAAATGTGAGGTGGCAGGATGGCGCTGAGGTTT,0
734,TACAACTTAAACGCTAAAAC,0
735,TGTTTGTGAATCGAT,0
736,TGCGACACATCGGGTAAAATTACCTCAAACTTGTGCTTAG,0
737,TTTGCATGAGCAGCGGACTTGTCACTCCAGAC,0
738,GTCTAGCCTCTTACTAAAGC,0
739,CCAAACTAAAGTAAGGACACGCGGGCAGCCTCGTGGGCAA,0
740,GTGTTAGGTCGTATTTCAGGCCCACAGTAGCCACTGAAAC,0
741,GATTATGGCTGGTATAACGT,0
742,GAAGCGGCAGCTAGCCGCTCGATCCTCCGTCGACGGTCAGACCCAGGACACGCAGGGCTATCGTCCTCC,0
743,CGACAAAAGTATAGAAGGGGGTCAAGCAGAACTAAACCCA,0
744,ATCATCGGTGTCCGCCAAGCTCGTTGGACAGGAGGCCAGTAAGCCGTAATGG,0
745,CCGTGGCCTGGCGTGCGGTAATCTCCGGC,0
746,ATTTTCGCGGCGGCATTGAGGCAGCCACTCTGGTGTGTGTGCACATTACGGGGTAACTGGTGGTACACTTATTG,0
747,ACATGTTCGGACTTATTCCCGCTCTTGTCAT,0
748,GAAATTCAAGTCCCCGGCGTTACCCCTTTTCCGATTTCCA,0
749,AAATTGAACGGGGGGCATGCGGACCAAGCGAGTGGTCTCG,0
750,TCTTGTTTGTTCATCTTAGCTATAAGTGTATATCTTGTCC,0
751,CCTGTGCGTAGCCTTACACATACAGCTAATCTCCAATG,0
752,GTTGAGGACAGTTTTATGATGATCCACTTCGTGATCTTCGGT,0
753,ACACTTTCCAAGACGCGGGC,0
754,TGCACGTTCCCTGCTATCAGGGGGACCCAGACCGTATGGGCTTAATTATT,0
755,CTTAAAGGCACGACG,0
756,TGACTACAAGAGTCGTCAGTGTGTCATCCTGCCAGCCTTAAGAGCTCTTAGA,0
757,TCGTGTTCGAACATTTTATCAAGTCGTAAGACAGATACTTCGTATACCC,0
758,CCTTGCAGTCGGCCTGCGTAGAA,0
759,GCTCTACGCGGTGGTAGGAG,0
760,CGCATATCATCGTCGTCGTTAACTTGATCGTTACAGGACA,0
761,GTGAGAGCCACGGTATGTTG,0
762,CGAATAAACGAGTCTTTCTTAGCTGTGGGCGACATCACACCTTAATGGCTCGTTAACGCTCTGCGAAAA,0
763,AGTCAAGACGAAATGGTCTACAAATGTGCCGGAACAGATC,0
764,TGTTGGTAGTACACTACC,0
765,AACTGCTTAGAAGCAGTTCCTTGCCGTCTCGATTGTTTAC,0
766,GAGTATACCACAAGGGCACGAACGTCGTAAACAACTATCCCACTAAGACAATCTTGATCGTAATCTTGGA,0
767,GTCTGAAAAAACGCTTTCTTGAGTTGACATCCAATTGTCCTCGTTTAGCTGGTCGTCATGCGCCATAGCCACA,0
768,GCGCAACTGCGACTACTATTTAGTCGCACGTTCCCCTGAAGACCCGCAGTAGC,0
769,GTTTGCGTTAAATTGCATTTCGTCGTCCTTCGCCTTATTGAGCCATATGGT,0
770,CAGCGATTCTGTTTAACGATCACCAAGTGAGCGGTACCCA,0
771,CAGCCCGAGTTGACCCCTAAA,0
772,CGTCCGATTCCCCTGTTCTAGGCAGTGGGGAACTGGGCCTTTAGATACATGCATCCTGG,0
773,CGATTAAAGCTACTGCCAGGCTGATACCAAGGCTAAGGAGCA,0
774,TGAATTTAAGCTCACAGAGCTCGGCTTATTGTGCGATAGT,0
775,ACGGTGGAAATTTAGGGA,0
776,ACAACAATCTTTCCGGAGAACGTTGTGCATAACAAGAGAA,0
777,ATAACACATTCCAGTTCTCGCGTCGC,0
778,GTTACTAACACGGGT,0
779,GATGTACGCGGTCATCGCGCGGCGTAACAGAAACTATGGAATATGCTAGA,0
780,ACATGAAGATCTAATCATGATTCTCTGCTTGATTGGGCAAAGGATGTGGCCCGTAGTTCGGTGGCATGGC,0
781,CAAGGCGAGTGCCTCCTTCA,0
782,AGTGTCGATGCTAGTTATCGGGATGCATAACAACCCTAGTCGCCTCAACAAGGTAGACAAAGTGTTTCCC,0
783,AAACTTATCTAATTATAAGGAACTGCGGGGGCTTGGGTTAGTATTCACGC,0
784,CGTATAAACGCGGATCGCCAAATAAGACGTTATAATAGATACTAAAGTGC,0
785,CAGGATGACTCTCACTGGCGCTGGGCGTTGTCCGCTGG,0
786,CGAAGTTTCTATCCAGGTTGTGTAACGAGAGGAAAGCCTGAGAGC,0
787,GGCTTTAGCAGAACGTTCACTCGCATGGTCTTGCTTGGAAACAGAAGA,0
788,CGGCATACACTGCACAGCTTG,0
789,GGGTCAGGGCGGATA,0
790,TTTTGAATATTTAATTATTGCCAGCCCGTCAGGTGCACTC,0
791,TCGGGGTGGTAGAAGCGTGAGGTGACGCAGATGTACTGCT,0
792,CGTTCGTAATGGTCTGAGGAGCAGCAA,0
793,TACGGGTATGGCATGTAAGATAACCGAAGTAACATCAT,0
794,CGATCCTAGGAGCTGGTGATTATGGACTTTAATTGGTGG,0
795,CCCCCCTCCAAGGTAACGAGCGTTCTCTAGTGCAAACGTA,0
796,ACTTCTCGTGACATGGATATAATGGCAT,0
797,TGAAAAGTTGAGGTAACGGTTCCATACACACGGCCAAAAG,0
798,CGTACCCTGACAGGCATGATACAATCAGGGCAACGGTATCGCTGTTTTCGG,0
799,GGTTCATAATAATCGTTAT,0
800,CGCAACATTCACAGAATCCCGTTGCACCCGGCCCAACATTGCCAGGGCTGCCAAAGCGAAAGAGACTTAC,0
801,GCCGATATCCCAAAACCATTCTTCTCGCTAAGCCGTCATC,0
802,CCTCGCTGCTGGTGGCCACCAGTTGTCGTTTGCCACTTCCGGACGAATTGGGCTAGTGAAAAAACCAATCACA,0
803,GCTCCTAAGTGCGTACCGTATCGTCCTTGCGGAGTAGTCGGG,0
804,ATCGTTCGGCGTGAACCAGAA,0
805,TATGCGGGATGGAGGATCATCTTGCGGCATAATTGACCCC,0
806,TTTCGTCGTAGCCCCATCTTAGTGGACCCAAGTTGCCCTGTACCGGCACAAC,0
807,CACCGAACGCAGGTACGTTCCGAACCCTGCTGTCCGATT,0
808,TAGTTTTCGCACCTCTGCA,0
809,CATGGACCCCGCTGCCGCTGTAAGTCTATGTGTTTTATAAACGAAATCAC,0
810,CGGCCGATCGATTACCCTGAGCCAAAATTGAAAAGGCTAGAACACGCGGTAG,0
811,GTGACTCTTTTCTCTCGAAATTTTCTATAAGGTTTCCTAGTAACTGGAATC,0
812,AATATATCCGACACCCCTTGACCGCGTGTCAGTCTGACTG,0
813,AGCACGGTGCTAATCTGCCCG,0
814,TCCCTTTGCTTCTTCTCTGCTTAAGGTATATTGGAATACATGCATTGACCTCTTACGTCAC,0
815,AGGTGAGCTCGTGCCTAGGACTGCACTAAGGGAGCCTGTCCATGTGCGGGGCTGAAACCCCTTGGGTTTA,0
816,TATATCCTTTCTTCTAGGTATCGATGTCGTGTCTTTCGATCCAACGTTGTGATCTAGCCT,0
817,CGCGTGTCATGGATAGCAGGACTCTTGAGTGTTATCCAT,0
818,TTCACCTCCCTCTGTCCTGGGCGGAA,0
819,TTACTATCCCCCCT,0
820,CTCGCAGTTTGGCACGAGGGCACCGTGGATAACTGTATTCCTGCCTGGGTCG,0
821,AACGCCCGGTGCTTAGAGTGCATGTAAA,0
822,TGTTTTAAGCCCGGTCTCGGATTCCGTT,0
823,GTATCAGCGATGGCATAAAAGACTGTAGGCGTTGCAAGGCATGCGACGCCCAAGGACTGGGGCCCATAGC,0
824,ATTCGAATATCGACCCCCCCACCACTAATCTGCTAGTATAATGCATCCATCCTCAC,0
825,CCTATTACTGTAGCCCTTAGTGTGAATAGGCC,0
826,GGAGGCTGTATGACTAACAGAGGCCCCCGCTCCTGGCATCACGCTAGAAGAA,0
827,ACATACCGTTCCCATATAAACGTACGTGCGACTAATCGGAC,0
828,ATTTCGAAGAAACTACTGATTCATATCGGGCCTCTCGGAT,0
829,GTATTGAAGTCCACATCAAGCCCGTACAACGATAGCTTGC,0
830,TGGCCCTGGTCGAGCGACCGTGGAAAACGCAGGAACGAGG,0
831,TGCATACAGTTCGCGGGGCTACATGCATATGAAGCTTGGGACAGTACGTGGTCAATGAT,0
832,TTCCCACGAATCCATTAGAG,0
833,GTTGCCTTGAAATTGACTGG,0
834,TCAGTACAAACGAACTTGTAAAGCTAGCCAGACAGGCGAAGCAGGGGGCT,0
835,ACTTGCCATTATCCACTAGTTACATAAGCTAG,0
836,ATTCCAATTATAAGGTTTACATTTTTAACCTAATTCTCTA,0
837,TAGGTGATGCGAATGCAATCCATTAGAAT,0
838,ACACTAAGTTATCACTCTCAGATAGAG,0
839,TAATTGGAGAACTTAAACAGCGGACAGGTCTCACCACCGCTACATTAGCGTTCCT,0
840,TACTAGACCTTGATGAAGAAAAGTGCAGACACTATCACAAGTTCAATCA,0
841,CCGCCGGAATCCAAGACGGTGTATGCG,0
842,GTCTCTCGTACTCCTATGCGAATCTAAGATGCTCTAGTGGCTACACAGCGGGTGTTCCG,0
843,CGCAGAACCAGTCTCGCTGCTTGAG,0
844,CGTCAAGATATTCCGAAGATACGGCATCCTAATAGGCATTACCAGTTAACG,0
845,TTGCCGACAACCTCGGAG,0
846,TATGACGGACCGGGTTAATAAACGTGAAATGAAATATGCCAAATGGAAGCG,0
847,ACGGTCGTATCGTTTAATCTTTCAACTAACAAGGGGCCCTAAAGTATGCACCGG,0
848,CCATGCTGCGCGCTCGCATCCATCGCTGTAAGCTCTATGATGAGGGCCTGGATGTTCCACTAAGATGGGACAG,0
849,TCTATGAACCGCGCTGATG,0
850,CATTAAGTAACTCGTCTCTAGAGGGTCGGATATACGCTGTAACTCCTCGC,0
851,CGAATCCGCCTGGACGATATTAAAGACGAAAACAATCCA,0
852,TAATGGATTGGATGGATTCAGCATTAGAGAGACGCGTCGC,0
853,GTAGTAGATCGGTTGGTTTCCTCTGGAAG,0
854,GCGGGTACATCAATAGATGCTTTCGACTCTGA,0
855,CTTTTCGTGCACAGGCAATGAAGCTGTA,0
856,CATCATGCCGGTAGAAACGGCTTTCTAAGCTTACAGTGCGTATATGCCGA,0
857,TAGAACCTCTATGTCTGTTTGATAAGTAAACGGTCTCTGCAAGAGTCTCCGG,0
858,CTCTGGGATGCACTGACAGCTGATTTGCAATATTTCTTCAGCACCTAGTCAAGGCT,0
859,AGTTTACTTTACTATGAATCGTAAAATAATCCTGCGAGGT,0
860,GACCGAGGTGTCAACAATCT,0
861,CCCGGGGT,0
862,TGGTGAGAACGATAGGAACCTTCGGTGTTTGGCTCCTGCTCTCAATCTCTA,0
863,AGATTGTAGAGATCTCCCCC,0
864,TCGAAGACAGACGAAGTGC,0
865,ACAGCGCGGTTTGCTCGCCA,0
866,CAGACAGAAAAAAAGCATTCATAAAATGGTTTCCAGTGGT,0
867,CCCAATAAGAGACGGCCCTGTGAGAGCGTACGGAGTCGAA,0
868,TCTTACGAAGGGTTAATATG,0
869,CTGGCTCATTTGTTTATTTGGTTAATCG,0
870,TTCTCCGCGGCAGTGACTCACGTTCCCGG,0
871,CAAAAGGGCAATTCGATCAT,0
872,TTGCACGTTTTTTCGGCTAAGACCGTC,0
873,GAAAGGTCTAGGGTACATAAATGTACACC,0
874,AGCGATAAATAGCTTTCGTAATTAGAGGACCAGTAGATGG,0
875,TGTTGAGCTCCCGAGTCGTTCCGCTCTTCCCAGAAAGCTG,0
876,CGCATTACTCAGTCACTGAA,0
877,TCACATGGAAAGCAAAGACACACGACCCCAATCACCCCAA,0
878,CTACGATCAGGCCTTCCGTCTTGTGCGGAGGGTA,0
879,CGTTCTGGCGACACTAGGCATCCATGCATTATGCTGCTTCATGTACAAAGGC,0
880,AAACTTGGACGCCATCGCAT,0
881,TGTCTACCAACATG,0
882,CGGATTGGACCACAAGTTCACCCATAGGTTCAGAACGATT,0
883,TGAGCCCCCGAAGGATAGGGCATGCGACCGTACCGGATTTGGCTTGCTAAGAAGC,0
884,CGGGTACAATATGAACAGTGTCCGGTCCTACGTTCTTATGCCCTACGAATAGCGGAT,0
885,TATCTATAGATTAAAGCCTGGAACCGTG,0
886,AAGACCCCGTTCCATGGCCGGCGTCGTGTCGA,0
887,ACCAGGGGGTATCCGTCGTGCGTATCATCTGAGGAGTTTATCTACGGGAAAT,0
888,ACCAGGATAGTATCTGCATGATTACACA,0
889,TATCAGAAAGGACCCGCACAT,0
890,CTTCAAAAGTACTGCGATCTAAGCGCCGGATCAGTACGA,0
891,CCCCGTAGGGTCGTGTCGTTAGGCCTCAAACATTGTTGTAAGCTAGACTAGG,0
892,GACAGCTGCGATTATTTGGTTTGGCAGTTGTTTCTCTCAGTCATGCATTAT,0
893,TCTTACACTGGACTCTTCCCC,0
894,GCCATGGTGCCAGTTCTGTAGATTACGTCTTTCGGGTTGGCGCTTGATTC,0
895,GGGCGGACCACGAAGCTCTTGGAGCGTCACTGAATGTGCTAATAGAGTGGTT,0
896,TGGCACTAGCATCCGCGCACGCACCGGGTCCTAAAAACACA,0
897,TAGCTTCAACTCAGC,0
898,CGCTGGACAAGCAATAATAAG,0
899,TGCTCAAGTACGTAGTAATGGGATACACCCCCGGTTAGGT,0
900,TAACCCCTGGCGTTCTCGCTCTGGACCATACG,0
901,CAGTGATATTTTCAATGTGCAATTAAAATGGGACGTACTTATTGCAATTGGTAATT,0
902,CCGAATCTGGGATCTGGTGGGGGTCTGTGTTGCGTAGCGC,0
903,GGCATGGTTGTAGCCTCTGCAATCC,0
904,TGGTAGGGCCCTCGTAATGGTTCTCGCAATCATG,0
905,TTTCAAGGACCTTAAACCCGGTTTACACTTACACTGTTCC,0
906,TGCAACTTTACAGTTAGCCCGCGTC,0
907,AGGTATAGTATCGAAGTGCTGTATTGCGCACAACACTGTATCTGATGACTGATA,0
908,TCCATGCGCTTCCGGGTGAGACTCGTGACCCACCAGCCGGGTACCGGGAAGGGATATACAC,0
909,CTTGGTAAGTTAACCTTATTGTTTGTGTTATACTACCCGTTCCATCGTATCCTTTCG,0
910,GAGTCTGGTCTCCGTAATCTGCCGAGACCTCTTCATAGAGTACGCTCCAGTCGAGGCCTTTTGGCTTTGA,0
911,AATAATGGATTGTTCGACACTGACACCGATTCCA,0
912,GTCACTCGATCGATG,0
913,ACTAAAGGCACGAGATGGAT,0
914,CCCGGAGTGCCGGTCTCCAAGTCGTCAGGTACCATAAAGCCATGAGTATGATG,0
915,TAAAGCATCCCCATATGACAGGAAC,0
916,GTTCACGAATCATT,0
917,TTCGACGGGCACGCTGAAGCCCTAGTTACACCGGGCGGGACTGAAGAATATC,0
918,CCCGGTTTCTCCGGTCTAGGGTCTCAAGCAGATAGCACGGC,0
919,AAAAGCGCAAGCCCGACGGAGTACTTGAAGAACGGCCCCGTA,0
920,CAAAGACTGACGGTTTACTACGTGTGGAATTACCAACATT,0
921,ACGTACCCGGATCGCGCACCGTGTGAGCCTATCGGCTTGTT,0
922,AGGTGCGCGTGGCATTTTGCCCAGTACCCTGCAAGACTGCCATTGACCCA,0
923,AACTGGACGGTGGGTGAGCTAAGGCCAATCTCTACTGAACCATCACGAG,0
924,CACCCTTATGGTGGAGTTGTCGTACAGCTTTGGCACCTT,0
925,TGATTGCT,0
926,TCCTATCACCAGGAGGCGGGT,0
927,GAACAAATTTGGGAGGGAATGATAACGAATCTCTCATGAT,0
928,TGAGCCGGAGCCCCAAGCCCTTCACCAGGTTG,0
929,CGAGTCTGCATAGCCGGTCCAGCGTATAACTTCATCTCATTGGAAGGACATGTACCATAG,0
930,CTAGTCGAACCGATTTTTGACTAGAACTGCCTAGGCTTTG,0
931,CAGGATAG,0
932,AACCAGTATAGTAGTATTCCTTG,0
933,AGACAGGTCTGCATCAGCGCTCGATAGAGTGAATGTGCACTGCATTTTCCAG,0
934,TCGCGCTTCCTGCGCATCACTGGATACTGAATGATCGACGATTCCGCT,0
935,TGGTTTTCCATTTACACGAATAATATCAGAAGACGCTTACAGACCGAACACGTTTTGAATGCACTTATCCCGA,0
936,CCTCGCGCTCGACTAAATGCCGCGTGC,0
937,GCGAAGCGGTGTTCATCTGG,0
938,GGCGCTATAACCAAGCCTTACGGTCGCGTATGATGGCCAAACGCGGCAGGT,0
939,AACAGTTGAAAAAGGAACCTTCACGAGGACGGGACTCCTGA,0
940,CAATAAGGCTGTCTTGACTCTAATTATCGATCGTTAGGT,0
941,ACGACCTTATGACATCCGCTGTATCTAACCCCCACATT,0
942,CCTCGGGGTGTACCACTCCCCCGGCAGAAACTACTTACGT,0
943,ATAAGTGGGGCTTGCGCGT,0
944,TTATAACACATTCGTCCCGT,0
945,TACTATCGTGGTCGGTCAAAAATAACTCAGTATATTCCATACCTTACTTTC,0
946,GTGTAGAAAGAGTGCTGCCAAATTCAAG,0
947,CATCTAGGGGCGGATGCAGATGTCGTTCAACTACCGGCGCGTGTGGAGTCAC,0
948,GAACAGCCAGAGATTTTATT,0
949,ACAATGAAGGATACATACTTTGATGGACTCTTCCTTGT,0
950,AATAACCGTATTGCACCGATGACACCGACGATATTGTACAGTACAGGTCCAGACCAT,0
951,ACCGGTAGTCCAACGGCGAAATCTAA,0
952,GCTCGGTATGGTGGTATCAATGACCACTTGTGTGGTCGAG,0
953,ACAACCATTCTGGTCTATTAGTGCGTCCGGGGATCGTCTTTCCGCACTGCTAAACGA,0
954,TCAGCCCTTAGCCAAGGTATAGCTCG,0
955,GTGGCGCAGAGACTGACGTAGAGTTTATATGATGGCGGCTTGAGCGCCCTCA,0
956,GGCGTTTCGCGCACTGATCGCAATTATGGTTACGGATTGTACCAAATTGGACCTTTTGCCCCCGATAAAA,0
957,ATGCATCGAAACCATGTTACATGGCAACCCC,0
958,AACAGGTCACCCTCGATGGGGCTGCCGAATTGTGGTTAGCGATAGTTTCCGCG,0
959,CGCGAGTCACGTCATAACGCGATCAGCTTGTATTATTCAAA,0
960,CATCGACTGGGGATTAATTAGTATTAACGATCGCCTCGTTAGGAATTAAAA,0
961,AAGTTCTGTCGAGGGGTTA,0
962,TGATTTGC,0
963,TGTCTGGTTGAATGACGACCATCGACACTATCCAGACCAT,0
964,ATTGGCCCCGTAAGTAAGA,0
965,TCGGATCAACCTTGAATACA,0
966,GACAATTTTCGAAGTTCATA,0
967,GTGGCCCCAATCGGGAAACGGCGCAGG,0
968,TCAGTCGTAATTATTTCCTTATCAAGCCCTGAAATAACTAAGACGCTTTC,0
969,CACCAATAAATAGATCGACGCGGGCGGCA,0
970,GCTTTTGGATTCTCGCACAC,0
971,AGGGACGTGTGGCTAATGCACCACGTGAAAGTGTTCGTCG,0
972,GTCATGTGTACCGACTCGTG,0
973,AGTGGAGGTACGTGCCCCCG,0
974,AACGTCAAAATTAGACCTCCAGTCGGAGG,0
975,TCTTATCGTTCCTTATATCACAGCACTACCTGCATTTAAACTCCACACCGCCGTCCCTG,0
976,GAGGTATCAATTATTCTTACAGGATCAGAAGTGGATCGGG,0
977,AAGACGCGCTCTCGCGTTTACAAATAAAATATCGCGGTAACCCACTGTAGGTTTAC,0
978,GCTGACGAGGGGTACCTAGGGAAGTCTCAAAAACGACATTTCGATCTAGC,0
979,TACCGCTGAGGAAGGGCTGTAAGCGAAGTTAGTAGTGCTC,0
980,ATCCTGTTGTGTTCACACTTTCATGTATCACCACATCTTGGTCTTGGTTATACCAAG,0
981,CATAGATCTGGCGGCACAGATCACGTGAATGTCGCAACCATCTTAACTTTGA,0
982,TAGTTCGCGGAACATTTTTGATTTGCTGCTTGGGTATTTCGAAGCTGTGCTGGCATCATATAGCGCAGG,0
983,AGACACCGCATGCGGAGTTCTGTTCTCACGGGTATAAGATGGGGCACGGGG,0
984,CAAAAACAGTTACTACGATGC,0
985,ATTGAGTACATATATTGCAGGCACCTTGCTCTGTAGCAGA,0
986,CCCGAGCGCCAATTGACGGTATGCGGGGCACGGCCGGATC,0
987,CCTTAAAAGCTACGTCGGGCCGAAGTAGTGGAGGGAAACT,0
988,TGTTGCGTACTATCAGATTGGTATGAAATTCTAACTGCGA,0
989,CCGCAAAATTTCAAAGGATCTTCGGGCCCAGA,0
990,GAGATGCGTTTTATACTTACATTTCGCAGCACGTAAGTG,0
991,GGGAGGGCGGTGAGCCGGGACTGGAGATTA,0
992,ACGATAATCGTTAAGGCAGAATACAAATAGCGTGGGTCG,0
993,AAGGATTTTGTTGTCCTCACGCTCGAACG,0
994,TAGGCTAGAAAACCGGAACTTAGCGACTTTAG,0
995,GTTAGCCAATACAACGGAA,0
996,TGGGGGGTACAACCTATATACTTAATCCATTATCTAGATT,0
997,CGTATTGCACTGTAATGGGAGCTAGCAGCGAAGTGACTCC,0
998,AGAATGACTGCTTAACATT,0
999,CGGTTAGAGCATAATTTATCGGCTTAATCCTTTATAAGTT,0
1000,AGACGTGGGCAGAAGTCCATCAAACAGGCACATGTCACGTTCAAGGGAAGG,0
1001,AGGTAGATTTCCCATCAGCGTTGCCGTATCAGGCTCGTGTAGTATATCCGACTCCGTACCGAATATGACC,0
1002,ATAGACACCCCGACAACAATTGGTGTCCAAACTTTTGTAATCGACTTTTCTC,0
1003,TCATCTATTAGAAAGGAATGTGGATTTGTAGGTGGAGCCTTATGGGGATTA,0
1004,TGTCCATCAAACGATTCGACAGAAATCTAATCATAGCGTTGCTCGACTAC,0
1005,CCTGGAGTACCTGTATAGTTGCTTCTCCTGCTCTCTTGAG,0
1006,AGCATTTTAGGTAGAATGTAGGGCCTTACTTGCTGACAGG,0
1007,GCTTGCTCCATCGGTTGTCTTGGTATAGACAGCGAATTGT,0
1008,GTATCGGCTCACATCCAGTGAGCCGTTTTCGTCCGGTGTG,0
1009,CATTGCAAAACACTGCGCAGAGATTCAACTCATACAGATT,0
1010,CCCCAAGTCGCCTATACATTAGTGTCCTTATGGTGTTA,0
1011,CTGCGTAGTTGTGCTCCATGGGTACGGGTCGCGTACTATTTATGATCTACA,0
1012,AAAACCGATTCCGTGATTCAGTCCAAGGTCTCTTGATACA,0
1013,AATAGAGCTTCCCGGAATGTAACATAAT,0
1014,ATAGATTGGTCACTATAAACGAGCGGTTGAC,0
1015,GCATTAGATAGGATACTCCGCACTCTTGTACGGTCTGTGC,0
1016,AAGAGAACTTATGCCGCGTTAATAGA,0
1017,TAAAGCTCGCTACAACGCGATGTCAGTGGGTTTAATGCGG,0
1018,CCTGAAGTCCAATTTTTCAC,0
1019,CACGCCCACATAGGCCATGAAAGCAGTTTATCCGGCCGGCCATGACCGG,0
1020,CCACTACTAGGTTCGTTGATAACGCTCCCCAGGGGCCAGTGAAACCACAACGACTCGCTGCATGAACCCAAAC,0
1021,GCATGGGTCGGGGTGTTCCGCTTCGATTCACTAACCGGAGGCAACGTCAAA,0
1022,ACGAGGGGAAGTGCTCCAACCGCGCAGCAGC,0
1023,CTGATTAAGCGCCAGGTGGCAAC,0
1024,ATACCGAAGGGTTGCCGACTTCCCGATCTTCGCAACGCGCCCCCGCTCAATGAGTAGTGCCGTAACACC,0
1025,CCTATGGCTGGGATATAGCCTCGCCGAT,0
1026,ATAAACTCGACGGCGATCGTTAAGTAGGTTTAGCAATGTGAGTGCGGATATAACTCGTCTTCCGGCGGTGGAA,0
1027,GTTAATACATAGCCTCGGGTTACTCTGTGTGAGTATTAAC,0
1028,CCTAGACCTCTCCTCCGGCATGTGCTAGGTTATTGATTTC,0
1029,TCGACAATTGGAAGACGGATCATTCCGGTCCCGTAATATG,0
1030,GGCTTTCAATTAGGCGAAAGCACTCCGCTACTCTTGCTAG,0
1031,CAGGACACTCGCCGAGCAT,0
1032,TCTACTGAGGACTGACGGTCAAGCTTAATCAGGGATAACTCCCCGCGTTCAA,0
1033,ACCGGTACAGTCAGCTGTCCGCTCCGCAATAATTAGTGACCCGGCTTGCC,0
1034,TGGTAGTTGTTCTTGTATTGG,0
1035,AGGTTGGGAGCGCTGACTTTCGAGAGACCCAATAGCATTC,0
1036,TATGCCGTTTACCGGAACGCCTCTCATAGTATCCAAGTTA,0
1037,ACACATCCACATAGTGGCCGCATAGGACGATCTGGAGACAGGGCGTTTATTC,0
1038,GCCCGATTTCGAATCAGTGGCGTGGGTCAACCTCGCATAC,0
1039,TTCACCACGCTGTAGCGTAT,0
1040,CCTCCATGAGCAGATAGCTGTACTGTAGATCA,0
1041,CCGCGTGTCTCAAATCGTTCTAACTCGGCCCTTTGCACGT,0
1042,TTTATGGCATGTCTGTCACAGTGAGGCTGAAGGCACTGGCTTACAACACAAG,0
1043,TCTCCTTGGCATATCTAGCAGGAACTATATGCCCACATTT,0
1044,CAATCTCTACGCCTAGAGGTTGACGAAATGC,0
1045,CGTCTCGAGGTACTTGCAAATGCCGACGCCGGGAAGGTTCAGGGAAACCAT,0
1046,CTGCTGAAATTATGAGCCTAATCCCAGCCCTGTACCTGA,0
1047,GAACTTCACGGTCTAGACCTTTGAAAATCTAGCCATATAAAGTGTGTAT,0
1048,AGGAAGATGGATAGAAGGTTTGAGCTGCTGGCCAGCGGCTGCGTGGGACTTT,0
1049,CTTTGAGCGCGTAGTCTCAAACAGGTTTTTGGTCTACTTAATGCGGAAAT,0
1050,CGACCCTGAATTGACGCAAAAAAATCGACCGAGGGTACATGCATCCACAGGA,0
1051,CTTTAGTAGGCGTCCCTGTGCGAGGTCGGAAG,0
1052,CTCCGACGGAGTCACCTCGCAAGTTATGGGCTAGTGGGGAAGCGTAGCACCCACACCATTAGCAACAGCC,0
1053,TTAGCTAGGGCCCGTCCTAAACATTAGATTTTAGGCGAACAAGTTACACCG,0
1054,TGATCATGAACGGCTGCCGTCCCTCGAATTTGTGGTTGAC,0
1055,ACGCCAAGTGCGGATGTCGTTGTAAGTCAACGGTCTTTTTCTACCGCGCGGTTTGCCGGTATGGATTCGCCTT,0
1056,GTCCTGTCATAGCGTCTGAA,0
1057,AAGCAATTGTGGTGGTCGGTGTCACTTAGAAGGACAAAGT,0
1058,CTACTGAGTCGGTATCGTACT,0
1059,CTCGAATTGACACAGCGAGTGCGATT,0
1060,ATCCTCACCTCATACCACATAGCGTCGTTTAGTAAAACGCA,0
1061,GGAGAAACCCAAAGGCCCTAAAGGCCGTGA,0
1062,ATCTGAATGCGTGAGAAACTCGTCCACGTGCGGCAATAGTGT,0
1063,GCTTTCTGGACTAAGAAGGTATCCACGTCGTTGAATACGATCCCCAGGCTGC,0
1064,TCTTGTACAGCAAAGGGGATATGAAATCGGCGATATAGTG,0
1065,ATATCGTTTCCAGACGAGATTCTTCCAGACCTTATACAAGATGAGTTGGAT,0
1066,TCAGGGCACCCAACTGAGGTACTACCTCGTCCTGTACCTTATAAGTAATAGG,0
1067,GATGCCGGGCGCCAGCCGTAGTGTTGAACCAG,0
1068,ATTGTGTATGCGATGGGCTTCGGGAAATAACCTCTCAAGCCCACTTGGG,0
1069,GGCTTACACCGATTACGACCTTCGTAGCGTCACGATCTTTC,0
1070,TGGGCGTACATGTGTGGCAGTGTTCTCAGTGAAGTAATGACGTATTATATTGCGGCTTGTGGGGTATCAG,0
1071,CACGACCTATTCCAA,0
1072,TCGATGCCTTAGAGTACAAGA,0
1073,CAACGACCAGTGGTTTAGGTA,0
1074,AGCTGCGTGTCACAGCCAAGGCTAGGTACACGGCTTACAGGATTCTGCCTAA,0
1075,ATGGCGATGGGGTGTGGGCTACCCTTAGATGATTGGGGCGTTGGGGTCTA,0
1076,TTTGTACGCTATCAGATATTGGGTCTACTAGTCGTTATCCTCGATTTGGGGCCTTC,0
1077,TCGAGCAGCACCACATCCTTAATTTATAGGCCTGGATGTGATCCGGAACA,0
1078,CGAGCGCACTTAACAATCGGCAATCTGAACAGGTAGCGTG,0
1079,TCCACATCGCCAGTTCATCGAGAACAAGTGAGCATACCGTA,0
1080,GAAGGTGACCCCGCTCCGATCGCCGATACCATCGTAAGGAGACTACGACCC,0
1081,GTCTGTGGGACAAAGTGTTGTACGTGAA,0
1082,GACCGAAAGTTTAGCAGTTTACAGGGAGCGCTCTACTATAGGAAACTGGAATCGTTGATCCTTCCCTTG,0
1083,GTCGGATGAATGCGACTAGGCAACCC,0
1084,TACAGGAAGGCGGGTTAGTGCTTTCCCAATGCAGGAAAAACGTGCTAATAAAAGTATACAGAGATTCGC,0
1085,CGGTAAGCTGACAAGTGGTATATCAGGTCGGCTGTTTGCTTTGCTCTAGGGTAATCATAG,0
1086,GGCCCGCAGCTGTTTGTTATCGACTTGAA,0
1087,CGGTCCGATATCCCGCATGCAATATAGCATC,0
1088,GACAAGTCCGTGTGATAAGTTTAGCAGTTGGTACGGACAA,0
1089,ATTTTTGGCTATCGTCAGC,0
1090,TTATATTTTCTTCTGAGTCCTTGCATTGGGCCTAGATACT,0
1091,CCTGCACCAGCGGCCCGACCTACATAATTATTACGTGGCGAGCCAGATTA,0
1092,GGATCTCATTAGGAAGCCGCATGTCTGCAGAATTGCCAG,0
1093,TTATTGGCGGGAATGCCAGTAGTAGAGAGACAGAAAAGCA,0
1094,TATCTCTGCATCATGAAGCATAGGAATCCATATCGGCATGTGCGCGCTGC,0
1095,CGGCACCCCTTTGCATTTGCACCCCTCCGTGTACATGTCG,0
1096,ACATTTACTTATTCATCTCTATTACTAATGAGATCTCGAGGTTTGGCACTAGGGCACGCCGCTGTGGAAGACC,0
1097,GTACGTTCATTCTCACGTCC,0
1098,ATCTATGACTGTTCCGCAGTA,0
1099,GTCTCAGGAAAATCGCGGCTGGCCCATT,0
1100,GGTCTCCCTCATAGCAATGT,0
1101,GTGTTCACTAATCTTGAACGGTCCCCACGTGTCTCTCTATCCGTTAGCGG,0
1102,AAAGGCGAACCGTTCAACGC,0
1103,ACTGCTAACATTCCGATGTAAGCCAACGTTATAATTGCGGTAGCGGAGGGATTTG,0
1104,AACTATTCGGGGAACCGT,0
1105,AGCAACCCTGCGTATGCAGCCAGACATCCGAGCAGATACGCATTTCAGGGCGGTCACCGCCACCAAGCAAGAG,0
1106,GTAGAAAAACACTACATAGCTTTCTCTTGTTGCACGCGGGGAAACCGTGCGT,0
1107,GCTAAGCCGCTTTGCGAGTCACGGGGAAGCGAGGGAGAAAGCAGATGTAG,0
1108,TGTCTAGAAACACACGGTTGCTACAGCACGATCGCTGCCCATTTAGGCAACCGAG,0
1109,CGGAAATCAGTTTTGTGAGCACTCATCTT,0
1110,ATCTTGAGCCCTTTTTCAGTGTAGGGTCCAGTCCGCCGACGATATTTACCTAAGACTGCGCTGAGTAAGATCGA,0
1111,TGGGCTCATCACCCTACGTATAGCAGCATGATACCGACACGATTCCCGA,0
1112,CACTATGCGGTGCACTTCCTTCAGATTCACCTGTACGGATAGCCACTGAAAT,0
1113,AAACTTAGCGGGTCCATTAT,0
1114,AATATGTTCGAGTAAGGGTAGCGGCATCTCTCTACTTACGTCGTCGGTAT,0
1115,GCACACTTGGCTAGACTCGGACCTTATCGAGGCTATCCAA,0
1116,CGGTACTGTTGCACGTGATCATGGTCGAGCTGCTTATAAGACTTCTCACC,0
1117,TTAAGTAGTGTAAACGCGATAGGGGCAATAGAACAACGGCCCCGCTAGTCTGT,0
1118,GAAATCTCGAGCACAACCGAAGGTGTTGCCTTGGAGCA,0
1119,GATAGTGGTCAGCAT,0
1120,TTTATCCACCGAGGACATCTCTTTACGCAGGACTGCCCCAAGTAGCTACCGCCGGACTATATCAAGCTCGGAA,0
1121,TCTCGCCGGTCATCTGAAAACCCGCTTAAGTACAGTGTTTATACGGTTCCGCAGAC,0
1122,ACCTCCGGTTCCAGACTC,0
1123,AAAGTCAGGAGCTTACGACTGGCCCGAGCCAGAACTGGACATCAAGTATC,0
1124,GCCACGGTCAAGCATAATGACAAACTTT,0
1125,GTTAGACTTACGGCGTGTTCGGCGATCTGGTTTTCATCAC,0
1126,GGAAACGACCAAAAGAGTTTGCCCTCTATCGCTGAGGACA,0
1127,CATCTCCTGATTCGTACAACTTAGACTGTTACACAGTTCG,0
1128,ACATTGATGGCGAATAGATAGTAAACCGCACTCTTATACT,0
1129,TTTACTCTTACTTGACTGTGATTAACTGTACCATCTACGG,0
1130,CTCATCTGCGGACCCAGACCATGGTCATGCTTAAAGGCGCGGCCTCAGGA,0
1131,AAGGTCCCCCGGACATACTTAAAGATTAT,0
1132,GAGCGTTAAACTTGTAAGATCCGCGCGATCGTCATACACA,0
1133,GTTCGTAACGCCATTTGGGCTCCACTATAGTC,0
1134,GCGACGTGTAACTACTTGGGTCCAGCGCTAGATTCTAGCTCCGTCTGGCC,0
1135,AAAGAGGACTGAGTCAGGACATTTTGGATACCAAAGCGTG,0
1136,GCTTCGGGAATAGCAAATTC,0
1137,AGTAGCTTTGGGGCTATAGCGTCCGACCGTCCTATTTTGAAA,0
1138,GCCTGTCCATCCCGTCTAAGGCGGCGAGATCTCATCTTGA,0
1139,GAGGGCTGTCCTTCGACACGCCGTTATGTTTGCCACACACT,0
1140,TCCGGTCGACCGGTGGTTAACGTTAGCTAGACACCCTGAG,0
1141,ACGTCATCACCCGGTACCGACTTGCATCAGCGCCTATCGTGTGATGAAAT,0
1142,ACGTGTCGTCTCTAGATGATTCTGTCTCTTGACCTACGCT,0
1143,TCGTGATTCTTTCTGCAACCGCGCGACC,0
1144,TACCTCGCACTATACGTAACGCAATGGGACATTCGTTTCATTATTAATGGC,0
1145,AGTTATGTCGTACTCATGCTACGAGCGCAGCTCGTTAAACTTCTC,0
1146,AACGCAGGGCTATCGCTATCTCTCACCGCGCTCGTGCGC,0
1147,CCGCGACATATGTCACTAGGAGTGAGGAACGGTCAAGACT,0
1148,ATGGTGACGACTCGCCACCTGTTATTGCGTGTAACCTTGTAGTTACGCTC,0
1149,ACGCCGATATTGAGTCTGTATGTACGCCACTCGATCTGCCGC,0
1150,GGACGCGTGCTCTCCATAGCATAGGC,0
1151,TATATCGCCGCACACATCGCTTCCTTTGTTAGTCCAATAA,0
1152,CCAGCTATGACAGCCAATCC,0
1153,GAGGTAACATTCTCGCGATCTGTCTCGAACCTTATCTGGGTGTAATACCTTA,0
1154,TCTTTTGGCAAGTAGTCAGTTGATATCTGCAATACTGGAGGGCCTGAGGGTGCCACG,0
1155,GCCGCTATTGTTGTCTCGCAAGCATTTA,0
1156,GATATTGATATGCTTGAGTAA,0
1157,TACACATGGATAGGCGGGGTGGAGGAGCCGATAGCGCGTTTTATATATTTCA,0
1158,CAGTATCGCCGGTTTTCCGCATGCTCACGAGT,0
1159,CCAATACCGATGTGATAAT,0
1160,ACCCGGGAATAATATCCGAAC,0
