,sequence,seq_only_prediction
0,TCGAAGAGGGGAAGTGAGCGCGGCGTTTTGTGACCACAGACACGCACAGGTCCCCACAACTACATGGAAGCGATTCCG,1
1,ATTGCATACTAGTCAACAGCTTTTAACCGACACTGGAGTCTCTAATGGCCCATGAGTTGACCTGGTTGTCTTGCC,0
2,TGAATCGAACGAAGTTACGGAGACTGAGAGAGTCTACCAGCAAGGGTCTGGCCACCGGCCAGCATACCCTATAG,0
3,ACTGCATCTGAGTCACTAACTAGACCCATACACAGGTTTTATCACTGTCAAATGTGATGACCTGGTAGGATCGCTG,0
4,TCTAAGAGTGGTTTTCTGCACAGGGTTGTCTGCACACTGAATCACACCGGTCATCGAGTCTATAGGGAAGGCATTCCAAACA,1
5,TGAGGCGAACCAATTTAAGCATTGAACGGGCCTGGGAGAGTCTGGGCGTCCACGAGGGCACTCGTCTCACTC,0
6,ACTGGACCCGGAATTTTCTCATAGAACGACAACAGGTTGTACCAGGCGTGGAATCGAGCCTTTGTCTATTTCGG,1
7,ATTGCATCTTAGTCAACAACTATAACCCGACACAGGTTTTACTAATGGCAAATGAGTTGACCTGGTAGGATCGCAG,0
8,ACTGCACCTGCGTAACTCAGTAGGCTTTTTCACAGGTTGGATCACCGTCATATCTGTTTCTCCAGTAGAATCGTTCAAAA,0
9,TCGAAGCGTGAGTAACTGAACAGAGTTTTTTAAACACAGTATCACACTCAACCCTAATTATATGGGGGAACCGTTCGATA,1
10,TCGAAGAGGCCACGTGAGCGCGCCTTTTTGTGACCACAAACAAGGACAGGTGCACACAACTGCATGGAATCGATTACT,0
11,ATTGCATACTAGTCAACAGCATCTAACCGAGACTGGATTTTCTCAGGGCCCATGAGTGGGCCTGGTTCTATTGC,0
12,ATTGCATACTCGTCAACAGCAAGTAACCGACACAGGTTCTACTAAGGGCCCGTGAGTGGACCTGGTAGTATCGCGG,1
13,AGAGCCTAAAGAACGTCAGCATCGAGCGGCATTTTTAGAGTCAAGGTGTCCATCCGGTCACGCGTTTCTCTT,0
14,TCCAAGAGCGGTAGCGTGCACGCGGTAGTGTGAGCACCGTGCCGGACCGGGGCACACATGTACAAGCAATAGAGTACATATT,0
15,AGTGCCGAATAGTCAACAGCTTTTAACCGGCACTGTAGTGTCTGAGGGCCCATGAGTTCACGTGGTTCTCTT,0
16,AGAGCCGAATAGACCACAGCATCTAACGGCGTTTGGAGAGTCTGAGGGTCCATGAGTGGGACTCCCTCTCTTGG,1
17,TGAATCGGACCAAGGGACGCCGCCTGAGAGGGTTTTAGACCGAGGGTAGCGGCACAGAAGAGCCCCCCTTATAG,1
18,ATTGCCTAACCAGAAACAGCTTTGAACCGCGATTGGAGTGACTCATGGCCCATGAGTGGACCTGGTACTCTCGCGG,0
19,ACTTGATGCGAGAGAGTCGAAAAAGATGAGAACTGGCTGGCCAAACTCTGTGAGCGCGGGAACATCAATTTTGGTA,1
20,AGAACCAAACCAAGGGACGCCGCCATTGACGGACGTAGAGCGAGCCTAGGTGTGCAGAAGAGCCTCCCTGATAA,1
21,TGAATCGAACGAAGTTACGGCGCCTGAGAGGGTTTTAGAGCAAGGGTGTGGGCTAAGAAGAGCCTCTCTTATAG,1
22,TCGAAGAGGGCTCGCGTGCACAGAGTTTTTTGACCACAGAATCGGACAGGAGCACACGACTAGCAGGAAGAGATTCCATACATT,0
23,AGAGGATCCAGGACCACAGCATTTAACCGCCCTTGGATTCTCTAAGGGTCCATGAGTGGACCTGGTTCTATTGC,0
24,ATTGCATATTAGTCAACAACTATTACCCGAGACTGGTGTTACTAATGGCCCATGAGTTGACCTGGTAGTCTCGCGG,0
25,ATTGCATCTTAGTCAACAACTAGAACCCGCCACAGGTTTTACTAATGTCCAATGAGTTGACCTGGTAGGCTCGCCGTATCGCGATAT,0
26,ATCGGCGAATTGTCGACAGCTTTTAACCGCCCTTTGAGTCTCTAAGGGCCCATGAGTGGACCTGCTTCTCTTGC,0
27,TCGAAGAGGGGTAGTGTGCACGACGTTTAGTGACCACAGACACGCACAGGTCCCCACATCTACATAGAATCGATTCCG,1
28,CGAGGCGAATGAACGACAGCATCTAACCGGCCTGGTAGTGTCTGAGGGTCCATGAGTGCACGTCTCTCTCTTGG,0
29,AGAGGCTAATTAACGACAGCTTTTAACCGCCCTTTTAGTGTCTAAGGGCCCATGACTGCGCGTGCTTCTCTTGC,0
30,ACTGCACGTGAGTGACTCTTAAAAAATCTACACAGGTTGTATCAGTGACAATAGTGAGGCGCTGGTAGGATCGTTCAATA,0
31,ATTGTATCACGAACTTTCGAATTGAGCGACATCTGGTTTGACCGGGTGTCGATTCGTTCCTTAATCTCTGATGG,0
32,TGAAAGAGGGGAAGTGAGCACGCCTGAGAGTGACCTCCAACAAGGGCAGGGGCACAGAACAGCCTCGACTATAGTACT,1
33,TCTGAGCGTGCGCGACTCCAAAGGGTTTTTCACACACAGAATCACACAGGTCCCCACGTCTTCAGAGACGCCGTTCAAAAGATATT,0
34,TCTAAGAGTGGGTTTCAGCGCGGCCTTGTGTGACGACCGACTCGCCTAGGTGAGAGCTCATACAAGGAAGCTATTACA,1
35,TGAAGCGAATGTAGTGAAGGCGCCCGAGGGTGAGTTAGAGCCAGGGTATCGGCACAGAACAGCCCCTCATCTAG,1
36,AGGATTTCTTAGTCAGTAAGCAGAACCTCAGACTGGATGTATTACCGTACGATCTAGTTGCATGGGAGGATTGCTC,0
37,ATTGCCTAATCGACAACAGCATCTAACCGCGATTGTAGAGACTGGGGGCCCATCAGGTCGCGTGGTTCTCTT,0
38,ACTGCACCTGATTGCCTAGCTTTTAACGACCACAGGTTATACTACTGGCGAAGGAGAGGGCCTGGCACACTCGT,0
39,CTGGCATGTTAGTCAACAACTAGACTCTTACACTGGTGTTAGTCATGTCAAGTGAGTTGACATCGGAGACTCTCACTATCGCGTTAT,0
40,TCAAAGAGGCGAAGTGAGCACGCCTTTGAGTGACCACCGACAAGGACAGGTGCACACAACTGCATACACGAGAATACT,1
41,TCTGAGCGTGCTCAACTGCACAAGGTTTTCCGCACACAGTATCACACCCATCACCTCGTCTACAGGGAAACCATTCAAAACATATT,0
42,ATTGCATATTCGTCAACAGCTATTAACCGCCACAGTTGTGACTAATGGCCCATGAGTTGGCATGGCTGTCTCGCC,1
43,TCAATGAACTGGAGTGAACGCGCACGAGGGCGCCTTACGGCTAGGCCTGCTGCCTAGTACAGCGTGTAAGTT,0
44,ATTTCCGACTCGCAAACCGCAATAAACCCAGACTGGAGTTACTCATGGCCCGTGAGTGGACCTC,0
45,TCGAAGAGCGGTAGTGTGCAAACCGTTGTGTGGACACAGACTCAGACAGGTTCACACGACTTCAAACAATAGATTACT,1
46,ATTGCATCTTAGTCACTTACTAGACCCCCACACAGGTTTTACCAATGTCCCATGTGATGACATGGTAGGATCGCTCTATC,0
47,ATTGCATCTCAACCCCCCGCAATGAACCGCGACTGGTTTTACTACTGGCCGAGGAGAGGACCTCGTTCTCTCGT,0
48,TCAATGAGGGGAAGTGAGCACGCCGTTGAGTGACCACCAACAAGGACAGGTCCACACAACTGCATACACGAGAATACT,1
49,TCAAAGAGGGGTAGTGACCGAGACGTTGAGTGACCACAGACTAGGACATGTCCACCCGTCTGCATACAATACAT,1
50,ATTGCCTAATCAGTTACAGGATTGAAGGGCCCTGGGAGAGACTAAGGGCCCGTCAGTACCCTTGTTTCTCTCGC,0
51,TCGAAGTGTGCGTGACTAAGAAGAGTTGTTAACCTACAGAATCACCTACTTCACTGCATCTATGGGAGTGCCGTTCCATAGA,0
52,AGATCCTAATCGGCAACCGGCTCTAGCGCCGAATGTAGTGACTGCCTGTCCGTGAAGAGGCCTCCCACTCTTTC,0
53,ATTGCAGAACGAACTTCCGCATCTCACGGCGTTTGGTGCGTCAGGGCGTGCATGAGCGCAAGCATCTCTTTCGG,0
54,AGTGCCTAATAGTCAACAGCTTCTAACCGCCCTTGGAGTGTCTCAGGGCCCGTGAGTTGACCTCCTTCTCTT,0
55,TCGAAGAGGGGTCGTCTGCACAGAGTTTTTTGAACACAGAATCAGACACATCCCTACGTCTACAAGGAATCCATTCCAAATC,0
56,ATTGGCGACAGAACGTCATCATTGAACCGCCTTGTGATTGTCAAAGGGTCCATCAGGGCCATCGCTTCTCTTGG,0
57,AGTGCATAATAGTCAACAGCTTTTAACCGCCATTGGAGTCTCTCATGGCCCATGAGTGGACCTGGCTCTCTTGC,0
58,CGAGGTGACTGGTCAAAATCCTCTCTCCGACACGTTACTTCCAAAGGGCCCATCAGTTCACGTGGGTGACTT,0
59,TGATCCCAACCAAATTACGGCTCGAGGGAGAGTTCTAGAGCCAGGCTGTCCGACAACACCTGCATCCCTCGC,0
60,AGATTCTAACGAGAGTACGGCTCCCTCGACGAATTTAGAGCGTGCCTTTTCGTAAAGTTGCGTATCCCACGCTC,0
61,AGAGCCTAATCATCGTCAGCTTTGAACCGCGCTTGTAGTGTCTGAGGGCCCATGAGTTCACCTGGTTCTCTT,0
62,TCGAAGCGTGAGCGACTGAGCAGAGTTTTTCACACACTGAATCACAGACATAGCTGAATCTATGGTAGAGCCTTTCAAAAGCTATT,0
63,TCGAAGAGTGGTAGTGAGCACGCCGGTGTGTGACCACCGACACAGCCAGGTGCACACAACTACAAGGAAGAGAATACA,1
64,ATTGCATCTTAGTCACTAACTAGAACCCCACACAGGTTTTATCACTGTCAAATGTGATGACCTGGTAGAATCGCACTATA,0
65,AGGGCCTAATCGCCAACAGCTTGTAACGGACATAGGAGCCCGTAACGGTCTGTGAATACACGCCACTCTGTT,0
66,TCAATGAGGGCTAGTGAGCGCGGCGTTGTGTGACCACAGACAAGCACAGGTCCCCACAACTACATACAAGAGAATCAG,1
67,AGTGCCTAATCGGCAACAGCATCTAACGGCGATTTTAGTGTCTGAGGGCCCATGAGTTGGCGTGCCTCTCTT,0
68,ATTGCATACTAGTCAACAGCTTTTAACCGCCATTGGAGTTTCTAATGGCCCATGAGTTGACCTGGTAGTCTAGCCG,0
69,AGTGGATCTAGGTCAACAGGTTTGAACAGCACTATGTTTGTCCACGTGCCCATGCGTTGACCTGGCAGTATCGC,1
70,ATTGCATCTTAGTCACCAACTAGAACCCGACACAGGTTTTACTAATGGCCCATGAGTTGACCTGGTAGTATCGCGGTATCG,0
71,TCAATCAAACGAAGTGAGCACGCCGTTGAGTGACCACCAACAAGGATAGGTGCACACAACTGCATACACGAGAATAC,1
72,TCAATGAGGCGAAGTGAGCACGCCGTTGAGTGACCACCAACAAGCACAGGTGCACACAACTGCATAGAAGCGATTACT,1
73,ATTTCCGGCTGACCAGTCCACACTAAAGACCTTGTTCTAGCCTGGGCAGGGATTAAGAACTCCCCCTCTCCTAGTATATCGT,0
74,ATTGCATCTTCGTAAACAACTCGAACCCGAGACTGGAGTTAGTCATGTCAAGTGAGTTGACATCGGAGAATCGCGG,1
75,CTTGAGCGTGAGTCACTTTAAAGAGCTCTTCACACATTGTATCAGACACAGAACTGAGTCTTAGGTGGGATAGTTCAATAGTAAGT,0
76,AGTGGATCCTAGTCAACAGCTTTTAACCGCCATTGGATTGTCTAAGGGCCCATGAGTTGACCTGGTACTCTTGC,0
77,ATTGCATCTTAGTCACTAATTAGGCCCCCCCACAGGTTTGACCAATGGCCCATTTGTTGACCTGGTAGTATCGCAGTATTGCTATAT,0
78,TGAATCGAATGAAGTAAAGGATCTAAAGGGAGTGTTAGACCGAGGGCATCGGCAACGGACGGTCCCTCTTTTAG,1
79,ATTGCATCTGAGTCACTAACTAGAACCCGACACAGGTTTTATCACTGGCAAATGTGAGGACCTGGTAGGATCGCGC,1
80,TCGAAGAGGGGTCGTCTGCGCAACGTTTTTTGAACACAGAATCGCACAGATCCCTACATCTACATGGAAGCCATTCCTAACT,0
81,AGTGTCCACGGAACTTTCTCATAGGATGACAACACATTGGACCAGAGGCCGATCCGGTCCCGCATATATCTCGTTCTA,0
82,ATTGGACGCCTTATCACAGCATTTAACCGCCACATGTTCTACTGGGCGTCCAGGAGGGCAACTGGTTCTTTCGG,0
83,ATTGCATCTTAGTCACTAACTAGAACCATACACAGGTTTTAGCACTGTCAAATGTGATGACATGGGAGAATCTCGCTATA,0
84,ATTGCATCTGAGTCACCATCAATGAACCGCCACAGGTTTTACCAATGGCCCATCAGTGCACCTGGTTGTCTCGCGG,0
85,AGTGCATCTTAGTCCACATCAATTAAAAGACACTGGTTGTTCTAATGGACGATGAGTGGGCCTCGCTCTATTGG,0
86,AGTGCCTAACCGTCATTCGGTTAGAACGGCAACAGGATTGACTACCTGCTCATCTGTTCACTTGGTAGTATCGC,0
87,TGATTCAAACCACAGGAGGGCGACGTGGAGGGACCAAGAGCGAGCCTTTTTGCCAAGACCTGCATCCCTGACTTTCCT,0
88,ATTGCATCTTAGTCAATAACTAGACCCTTACACAGGTTTTATCAATGTCAAGTGAGTTGACATGGGAGAATCGCTGTATAGCCATGATTG,0
89,TGAAGTGAACGTATTTAATGATCTTGAGGGAGTGTTACAGCCAGGGTGTCGACACCGGCCGGCATCTCTTATCG,1
90,AGATGCTAATGAACGTCAGGATCTAGCGGCGATTTTAGTGTCTGAGTGTCGATTAAGACGCGTCTCTCTCTT,0
91,AGTTCCTAATCGTAAATAAGACGGACCTAAGACAGGAGTGAGTACCTGCTTGTGTGTTGACATCGCAGTACCGCTC,0
92,TCGAAGAGGGGTAGTGAGCACGCCGTTTTGTGACCACAGACAAGCACAGGTGCACACAACTACATGGAAGAGATTCC,1
93,AGAGGCGACCTAACTTCAGCATTTAACGGCCTTGTTAGAGTCTGGGGGTCCATGACTGGGATCCCCTCTCTTGG,0
94,AGTGGATCTTAGTCAACAGCTTTTAACCGCCACAGGTTTGACTAATGGCCCATGAGTTGACCTGGTACTCTCGC,0
95,TCAATGAGGGGTAGTGAGCGCGACGTTGAGTGACCACAGACTCGCACAGGTCCCCAGATCTGCATACAAGAGATTCCG,1
96,ATTGCATCTGAGTCAACAGCTATGACCCCCCACAGGTTTTATCACTGGCAAATGTGTGGACCTGGGAGACTCGCGG,0
97,TCGAAGAGGGCTCGTGAGCGCAGCGTTTTTTGACCACAGACTCTCACAGGTCCCTACATCTACATAGAAGCGATTCAGAACC,0
98,ATTGCATCTGAGTCACTAAGTAGAACCTCACACAGGTTTTATCAATGTCAAATGTGTTGACCTGGTAGAATCGCTCAATAGAGATGTTTG,0
99,ACTACATCTGAGTGACTGAATAGGGTCAAAGAATGGTTGTAGCACCGTCAAGAGTAATGATACAAGAGAACCGTTCTCTA,1
100,ATTGCATGTTCGTCAACAACTAGAAACCGACACAGGTTTTAGTAATGTCCCATGAGTGGACCTGGTAGTATCGCGG,1
101,ATTGGATCCTTGTCAACATCATTTAACCGCCACAGGTTTTACTAATGGCCCATGAGTGGGCCTGGTTCTCTTGC,0
102,ATTGGATCCAAGTCAACAGCTTTTAACCGCCACGGGTTTCTCTAAGGGCCCATGAGTGGACCTGGTTCTCTCGC,0
103,ATTGCACCTGAGTCACTATCTAGGCCCCTACACAGGTTGTATCACTGTCAAAGGTGAGGACCTGGTAGACTCGCGC,0
104,TGATTCGAACCAAAGTACGGCGCCTGAGGGGGTTTTAGAGCGAGGGTGTCGGCAAAGAACAGCCTCTCTTATAG,1
105,TGTTCACGCGCGAGAGTACCAACTAAAGGGCATGTGTTGGTCTAGGCGCCCATCAGCGGCGCTGGTTCTATAGT,1
106,AGAGTCGAATCAACGAACGCATATAGTGGCCCTGTTAGAGCCTGGGGGTCGATACAGGAGAGCGTCTCTCCTTC,1
107,ACTGCACCTGAGTCACTAATTAGGACCCTTCACAGGTTTTATCAAAGGCAAAACTGAGTACCTGGTAGGATCGTGCAATAGCGATGGCTT,0
108,TGAATCGACTCAAGTGAGCGCGCCTGAGGGTGACTTAGAGCAAGGGCATTGGCCAAGAACTGCATATACTCTAGTACC,1
109,AGTGCATCTTAGTCAACAGCTTTTAACCGCCATTGGTGTCTCTAATGGCCCATGAGTGGGCCTGGCACTCTTGC,0
110,CTTGCATCTGGTTCACTAGATATGCCCCGCCTCAGGTTTTATCACTCGCAATAGTGAGGACCTGACAGAATCGTAT,0
111,TGAATCGGATCACGTGAGGGCGCCTGAGAGTGACCTAGAGCGAGGGCATGTGCAAAGAACGGCCTCTCTGCTAGTACA,1
112,TGAAACGGCTCAAGGAAGGCCTCCTGAGGGTGTCGTACAGCCAGGGCAGCGGCAAAGAAGAGCATGTATTATAG,1
113,TGGATCGGACCACGTGACGACGCCTATGACGGTCCACAAACCAGGGCAGGGGCACAGGAGTGCCTCCCTTATAG,0
114,TGTGTCCAATGGACTTAATGAGGGCAGTCGAGCCTTAGTGTTTGCCTGACCATCTAGTTCCGTGGCTCTCTT,0
115,ATTGCAGGCTCGCAAACGACTCGAAACTGACAAGGGAGCTAGTAATGGCACGTGAGTAGACATGGGAGTATCGCGG,1
116,ATTGCAGGCTAGTCCACAGCATTTAACCGCCATGGGTTTCTCTAAGGGCCCAGGAGTGGGGCTGGTTCTATTGG,0
117,AGATTCGAATCACGGAAAGCATCCAGGGGGGGTCTTAGAGCGAGAGTGTCCGTGAAGAAGAGCCTCTCTGCTTC,1
118,ATTGCATCTTAGTCAACATCTATACCCCGACACAGGTTTTACCAATGGCAAATGTGTTGACCTGGTAGGATCGCAG,0
119,TCGGAGAGCCGAAGTTACCAATAGTAAGACTGTGCACAGTCCAGGACAGGGCCACCCGCCTGCAAATACTAGAATACG,0
120,CCGGCGAGCGGTTTCCTGTCAATGTAATTCTGCACATACTATCACACGCAATCGCGAGGATTTAAGGAAATCGTACCCTCCT,0
121,ACTTCACCTGCGCAACTGAGCAGAATTTTACACAGGTGCAAGTCCTGTCAAGTGTGATGACATGGGAGAACCTTGCGATAGATATAT,0
122,ATTGCATCTTAGTCAACATCTATTAACCGCCACAGGTTTTACCAATGGCCAAGGAGTGGACCTGGTAGGATCGCGG,1
123,TCGAAGAGGGCACGTGAGCGCGACGTTGTGTGACCACACACAAGCACAGGTGCACACAACTGCATAGAAGACATTCAT,1
124,TGAAGCGAACGAAGTTACGAAGCCTGAGAGAGTGCACCAGCCAGGGCATGGGCACCGGCCTGCATACCCTATAA,0
125,AGTTCCTAATCGTAAAAAAGTCGGCCCTAGGAATGGAGTGCGCACCTGCAAGTGTGTTGACACCAGAGACCCTCCC,1
126,AGTGGAGCCAGTACCTCATCATTTAACCGCCCTGTGTTTTTCCAAGCGTCGATGAGGGCGGTTGGCTCTCTTGC,0
127,AGAGGCTAATAAACGACAGCATCTAACCGCCCTTTTAGTGTCTGAGGGTCCGTGAGGTAGCGTCCCTCTCTT,0
128,CGAGTCCAACGAACTTACGAATCGTGAGACATCGTTTTAGTCAGGACGTCGACTCCGGCCTGCATCTCCCTT,0
129,AGATGCTAATGAACGACAGGATCTAGCGGCGATTTTATTGTCTGGGTGTCCATCAGGACCCGTGGCTCTATTGG,0
130,TCAATGAGGCGAAGTGAGCGCGCCTGTGAGTGACCACCAACAAGGACAGGTGCACACAACTGCATACACTAGAATACT,1
131,TCAATGAGGCGAAGTGAGCGCGACGTTGAGTGACCACCAACAAGGACAGGTGCACAGAACTGCATACACTAGAATACG,1
132,ACGGCGCGTGAGCAACTGAATAGAGTTTTTCACACGTAGTATCACTCTCAAAGGTGAGGATATGGGAGAACCGTTCACTA,0
133,AGTGCCTAATAGTCAACAGCTTTGCCCCGCGACTGGAGTGAGTCATTGCCCATGTGTTGACCTGGTACTATCGCC,1
134,ATTGCATCCAGGTCCCCATCTTTGAACCGCCACGTGTTTTTCCAATGGCCCATGAGTGGACCTGGTTCTCTAGC,0
135,ATTGCATCATAGTCAACAGCTTTGAACCGCCACTGGTTTTACTAATGGCCCATGAGTGGACCTGGTAGTATCGCGG,1
136,TGAATCGGATGTAGTTAAGACTCCCGAGAGTGATTTAGACCGAGGGTGTGTGCACAGAAGAGGCCCCCATATAG,1
137,AGAGGCTAAAGAACGTCAGCTTTTAACGGCGCTTGGAGTGTCTCAGTGTCCATGAGTGGACCTGCCTCTCTTGC,1
138,CGCGCAGGCTAGTCCACAGCATCTCAACGGCCTTGGAGTCTCTAAGGGCCCGGGAGTGGAACTCCCTCTATTGG,0
139,AGTGCCTAATAGTCAACAGCATTTAACCGCGATTGTAGTCTCTAAGGGCCCATGAGTGGGCCTCCCTCTCTTGC,0
140,CCTGCAAGTGAGTGCCTGACTAGAACCCTACACAGGCACTAGTAATGACAAGGGAGAGGAGATCGGAGTATCGTGC,1
141,CTGACGTGTTAGTCAACAACTAGACTCTTACACAGGCAGTAGCAATGTCAAGGGTGTTGACATGGGGGAATAGCTCAATC,0
142,TGAATCAAACCAAGTGACGGCGCCAGTGAGGGACTTAGAGCGAGCCTTTTTGTCCAGAACTGCATCCCTGCTTATACA,0
143,CGGTCCGGCCCACGGACAGCATCTAAAGACGCATCTAGAGCCAGGGGGTCCGTGAGGGCCAGCCCATCTCTT,0
144,ATTGCATCTGAGTCAATAACTAGAACCCTACACAGGTTTTAGCAATGTCAATTGAGAGGACATGGTAGGATCGCGG,0
145,TGATTCGAACGAATTTACGAATCTTGAGAGAGTTTTAGAGCAAGGGTGTCGGCACCGAACAGCCTCCCTTATAG,1
146,AGATTCGAATGAAGGAACGCCTCCAGAGGGGGTTTTAGAGCGAGGGTGTCGGTAAAGAAGAGCCCCTCTTAT,1
147,CTGGCAGGTGAGTGACCATCAAGATACTTTCACGGGTACAATCAATCTCAATGGAGAGGAGATCGGTGACTCGTGG,1
148,TCGAAGAGGGGTCGTGAGCACGGCGTTTTGTGACCACAGACACGCACAGGTGCCTACAACTACAAGGAAGAGATTCC,1
149,ACTGCGCCTGAGTAACTGAATAGAGTTTTTCACAGGTAGTATCACAGTCAAAGCTGATTACATGGGAGAATCGTTCGATAGTTATAT,1
150,ATTGCATCTGAGTCACTAAATAGGGCCACCCACAGGTTTTACCACTGTCAAATTTGATGACCTGGTAGAATCGTTCTATA,0
151,ATTGCATAATAGTAACTGAACAGACCCTCGTACTGGAGTGAGCACCTTCACGTCTGTTCACCTCTGTGAACCGCTC,1
152,ACTGCATCTGAGTAACTAAGTAGAACCTTACACAGGTTCTAGCACTGTCACCTCTGTTGACCTGGGAGTACCGTGC,0
153,AGAGGAGAATTGACGACAGCATCTAACCGCGCTTGGAGTCTCTAAGGGCCCATGAGTGGGCCTGCCACTCTTGG,0
154,ATTGCCTAATAGTCAACAGCTTTGAACCGCCATTGGAGTGTCTAATGGCCCATGAGTGGACCTGGTTCTCTTGC,0
155,TCGAAGAGGGGTAGTGAGCACGCCGTTTTTTGACCACAGACACGGACAGGTGCACACAACTACATAGAAGAGATTCCT,1
156,TGAATCGGACCAAGGGAGGCAGCCTGAGGGTGTCCAAGAACAAGGGCAGGGGCACACAAGAGCATACCTTATAG,0
157,TCGAAGAGGGCACATGAGCACGGCGTTTAGTGACCACAGACACGCACAGGTGCCCACATCTACATGGAATAGATTCCG,0
158,TCGAAGAGGGCTCGTCTGCGCAGAGTTTTGTGACCACAGACTCACACAGATCCCTACATCTACAAGGAAGCCATTCAGAACT,0
159,TCGAAGAGGGGTAGTGAGCACAACGTTGACTACCCACCGAATCGGACAGGTCACTAGAACTACATAGAAGCGATTACAAACA,0
160,TCAAAGAGGGCTAGTGTGCACAGCGTTGTGTGACCACAGACTCGGACAGGTCCCCACATCTGCATAGAAGAGATTCA,1
161,TCGAAGAGGCCTCGCGAGCCAGCTTTAGACTGTCCACAAACTAGGGCAGGATCGAACGAGGTGCACTAATACATTACC,0
162,AGATCCTAATCAGAGACAGCTTCGAGCGAGGCTTGTAGTGAGTGACTGCCCGTGAGTTCACGTCCCTCTCTT,0
163,TCGAAGGGCGCAAGTGAGCGAGCCGTTGTGTGACCACAGACAAGGACAGGTTCCCACAACTGCATACACTCGATTACT,1
164,ATTGCATCTTAGTCAACAGCTTTGAACCGCCACTGGTTTTACTAATGGCCAATGAGTTGACCTGGTAGTATCGC,0
165,TGAATCGGGCCAAGTGAGGCAGCCTATGGGGGTGTACAAACCAGGGCAGGGCCACAGGACGGCACATACGCTAGTACC,1
166,ACGACAAGTGGTTTCCCAGACATACAAGTCCACAGGTTGTATCACTCTGGAGAGAGTGGACATGGCGAACTCGTGA,1
167,CTTGCATACTGGTCAACATGATGGCACCGGCACTGGTTTGATCAAGGGTCCATCTGTTTACCCGGTAGTATCGCTC,0
168,AGGTCCGGATCGCCGACAGCTTCTAGACGGGCTTGTAGCCCCAGAGGGCCCGTGAATTAACGCCCGTCTCTT,0
169,ATGAAGGGATCGCGAACAGCAACTAATCGACACTGACGCACCTAAGGACCGGTGAGGGAGCATCGCTCTTTTGCTA,0
170,AGTGCCTAATCGGAAACAGGTTGGCACCGCGACTTTAGTGAGTGCTTGCCCATGAGTTCACGTCTCTCTCTC,0
171,AGTTCAGAATCGCGGACAGCATCTAACGGACATTGGAGCCTCTGAGGGTCCGTGAGTGGGACTCCCTCTATTGG,0
172,AGAAGCGAATGGACTTCAGGATCTAGCGGGACTTTTAGTGTCTGAGTGTCGATTCGGTAGAGTCCCTCTCTTGG,1
173,TGAATCTACTGAACGTAAGCATCGCGAGGGAGTTTTACTGCCCAGGTGTCGGCGCACAACAGCATCCCTCTT,0
174,ATTGCATCTTAGTCAATAACTAGAACCCGACACAGGTTTTACCAATGTCAAATGTGTTGACCTGGTAGGATCGCAGTATCGGCATAT,0
175,AGTACCTAACGAAGTTACGGCTTTGGGGAGGTTCTTAGAGCGAGGTTAGGTATAAGGGCGAGCATCTCAGTCTC,1
176,ACTGCACCTGAGTAACTGAATAGAATTTTTCACAGGTTGTATCACTGTCAAAGGTGATGACATGGTAGAATCGTGCAATA,0
177,ATTGCACCTGAGTCACTAACTAGAACCCTACACAGGTTTTATCAATGTCAAATGAGAGGACCTGGTAGGATCGCGCTATAGCCGTGT,0
178,TGAATCAAACGAAGTTACGGCGCCTGAGAGTGACTTACAGCAAGGGTATGTGCACAGAACAGCATCCCCTAGAA,1
179,AGATGCGAATCAGAGACAGGATCTAGAGGGGCTTTTAGAGCGTGAGTGTCCGTGAAGTAGAGCCTCTCTCCT,0
180,ATTGCATCCTAGTCAACAACTAGAACCTGCCACAGGTTTTACTAATGGCACAGGTGTTGACCTGGTAGAATCGCGG,0
181,TGATTCGAACGAAATTACGAATCCAGAGACATTGCTAGAGCAAGGGTGTCCGTACACACCAGCATCCCTGATAG,0
182,ATTGCATCCTAGTCAACAGCTTTTAACCGCCACTGGTTTTACTAATGGCCCATGAGTTGACCTGGTTCTCTTGCAT,0
183,CCTGCGCGTGGGTCCCTCCAAATGGTTTTCCACATATTGTACCAGACTGGGAACCGCGTCTTAGGAAATGTAGTTA,0
184,ATTGCATCTTAGTCAATAACTAGAACCCGACACAGGTTTTACTAATGTCAAATGAGTGGACCTGGTAGGATCGCGGTATAGAGTTGTTTG,1
185,TCAATGAGGGGTAGTGACCACGACGTTGAGTGACCACAGACTAGGACAGGTTCACACGTCTGCATACACTAGAATAC,1
186,TGATGCGAACGAAGTTACGAATCCTAAGGGTTTGCAACAGCCAGGGCGTGGGCACCCGCCTGCATATCTTATAG,0
187,AGTAGATGTGGGACACTCAAAATGGATGACCACCTGCCGTCTCACCTGCATCTGTGTGCCACCGGCTATGTTGCTACATAGA,0
188,ACTGCACCTGAGTAAATCACTAGGACCCTACACAGGTTGTATCAATGTCAAGTGTGAGGACCTGGGAGACTCGCTC,0
189,TCGAAGAGGGGTAGTGTGCAAGGCGTTGTGTGAACACAGACTCGGACAGGTCCACACGTCTTCAAAGAAGAGATTCCAAACT,1
190,TGAAGCGAACGAATTTAAGCATCGCGAGGGAGTGTTAGAGCCAGGGCGTGGGCACACGCCAGCATCTCTTATAG,1
191,ACTGCATCTGGGTCACTCAACAGGGCCAACAACATGTTGGATCACTTTCATATCTGATTATCTGGGAGAACCGTTCCCAA,0
192,AGTGCCTAATAGTCAACCGCATTTAACGGACACTGGATTGACTAAGGGTCCATCAGTGGGCCTGGCTCTGTTGC,0
193,ATTGCATCTTAGTCAATATCTAGTACCCGACACAGGTTTTACTAATGGCCAATGAGTGGACCTGGTAGTATCGCGGTATC,1
194,TGAATCGAACCAAGTGACGGAGCCAGAGAGAGTCTTAGAGCGAGGCTCTGTGCTCAGAACAGCATCCCTTATGG,1
195,TCGAAGAGGGCACGTGAGCACGCCGTTGTGTGACCACAAACAAGGACAGGTGCACACAACTGCATGGAATAGATTACA,1
196,AGAGGCGACCTAACTTCAGCATTTTAACGCCTTGCTTTAGTCAGGGGGTCGACGCCTGCCAGCCTCTCTCTTGG,0
197,ACTGCACCTGAGTGACTAAAAAGAAATCGACACAGGTTGAATCACAGTCATTACTGTGGCTCTGGTAGTATCGTTCAATA,0
198,ATGGCATCTTAGCCACTAACTAGAATCCTCCACAGGTTTTACCACTGTCAAAGGTGATGACATGGTAGACTCGCTCTCTC,0
199,ATTGCGCCTGAGTCACTGATTAGAACCTTACACAGGTTGTACCAATGTCAAAGGTGAGGACATGGTAGGATCGTTCAATA,1
200,TCAAAGAGGGGTAGTGAGCACGACGTTGAGTGACCACAGACTAGGACAGGTCCACAGGACTTCAAAGACTAGATTACG,1
201,AGTGCATCCAGATCAACAGCATTGAACGGCCACAGGTTTCTCTAATGGTCCAAGAGTGGACCTGGCACTCTTGG,0
202,AGTTCATAATGGTCATTCAGCTTGCGCGAGGACTGGAGTGACCACCTGTTTGTTTGTTCACCCGTCCCTATCGC,0
203,AGAAGAGGATCGTGGACAGCTTCTCACCGGGATGTGAGCCTGTGAGTGCCCGTGAATGAGAATCGTGCTATTTCCT,1
204,ATGACGGGTTCGTGCACACCTCCAAACCGACAAAGGAACAACTAAGGACCGGCGAGGGCGCATGGTTGTCTCGCTG,1
205,ATTGCATCTGAGTCACTAACTAGAACCCGACACAGGTTTTACCAATGGCAAATGTGTGGACCTGGTAGTATCGCAG,0
206,TCAAAGGGCGGTAGCGTGTAATCCTAAGTCTGTGCACAAATCAAGACAGGGTCACACGACGTCAAAGACTAGAG,1
207,ACAACGAGCGCACGCCAGCCCACTAAACACGATGCTCGATACAGGTCAGGGGCGAGCGTGGACAGCGAATTTAG,0
208,TCAATGCGGGCACAACTGCGCAGCGTTTTTTGACCACAGAAGCACCTTCATGCCTACATCTACAGGGAAGCCATTCCC,0
209,ATTGCATCTTAGTCAACAGCTTTTAACCGCCACTGGTTTTACTAATGGCCCATGAGTGGACCTGGTTGTCTTGCCG,0
210,TCAATGATGCGAAGTGTGCACGACGTTGACTGACCACAGACTAGCACAGGTCCCCACATCTGCATACAAGACATTCC,1
211,ACTGAGCGTGAGTCACTGATTAGAGCTTTACACAGGTTGTATCAAAGTCAAAGCTGTGTATATGGTAGAATCGTTCAATAGAGGTGGCCT,1
212,TGAATCAAACGAAGTTACCGCGCCGGTGAGAGACCACCAGCAAGGCTATGTGCACAGAACTGCATACACTAGAA,0
213,ATTGCACCTGAGTCCCTATTTAGGACCCTCCACAGGTTTTACCAATGGCCCAAGGGATGACCTGGTAGACTTGCCGTATCGATATTTT,0
214,ATTGCATCTTAGTCAATAACTAGAACCCCACACAGGTTTTACCAATGTCCAATGTGTTGACCTGGTAGGATCGCAGTATGGCCGTGTTTG,0
215,ATTGGATCCAAGTCAACATCATTTAACCGCCCCGGGTTTTTCCAAGGGCCCATGAGTGCCACTGGTTCTATCGC,0
216,ATTGCCTACTAGTCAACAGCTTTTACCCGCCCTGGGATTTACTAAGGGCCCATGAGTTGACCTGGTAGTCTAGC,0
217,CGATGCGAACGAAAGTACGCATCGTAAGGGCCTGTTAGAGCCAGGGTGTCGACAACGGCCAGCATCTCCCTT,0
218,AGTGCATACTAGTCAACAGCTTTTAACCGAGATTGGAGTCACTCATGGCCCGTGAGTTGACCTCGTACTCTCGCGG,0
219,TCAATGATGCGAAGTGAGCGCGACGTTGAGTGACCACCAACAAGGACAGGTCCACACAACTGCATACACGAGAATCC,1
220,ATTGCACCTTCGTCAGTCACTAGAATTCCACACAGGTTCTAGTACTGTCAAATGAGAGGACATGGGAGTATCGCTCAATAGATATGGTTC,0
221,TGAATCGGACGAAGTGAGGGCGCCTGAGAGTGACCACGAACAAGGGCATGGGCACAGAAGAGCCTCCCCTATAG,1
222,CGGAGCGAATCAACGACAGCATCTTGAGGGGCTTTTAGTCCCAGAGTGTCGGCGAAGTAGAGGCCCTCTCTT,0
223,ATTGCATCTTAGTCAATATCTATGACCCCCCACAGGTTTTACCAATGGCCAATGAGTTGACCTGGTAGGATCGCAG,0
224,ATTGCATGTTAGTAACTGACTAGAATCTTACACAGGTTCTAGTAATGTCAAGTGAGATGACATGGGAGGACCGCTGAATCGGCATGTTTC,0
225,ATGTCGGGTGCGTGCATGTCAATAAACCTACACAGGTACAATTAATGACAGTGGAGCGCAGCTGGGTGTCTCGTTGTATAGAGCTGGTTC,1
226,ATTGCATACTAGTCAACAGCTTTTAACCGCCATTGGAGTCACTCATGGCCCATGAGTGGACCTGGTACTATTGCGG,0
227,ATGGCAGGCTAGTCAACAGCTTTTAACCGCCCTGGGTTTTTCTAAGGGCCCATGAGTGGAGCTGGTAGTATCGCGT,1
228,ACTGCACCTGAGTCACTGAGGAGAGTTTTACACAGGTTGAATCACAATCATCTCTGTTTCTATGGGAGTACCGTTCAATAGATATT,0
229,ATTGCATAATAGTCAACAGCTTTTAACCGCGACTGGAGTCACTCATGGCCCATGAGTGGACCTGGTACTCTCGC,0
230,TCGATGAGGGGTAGTGACCACGCCGTTGAGTGACCACAGACTAGGACAGGTGCACAGGACTGCATCCAAGAGATTACC,1
231,AGATGAGCCTTGACCACAGCATCTAACCGGCCTGTTAGTCTCTCAGGGCCGATGAGGGCGACTGCCTCTCTT,0
232,AGTTCCGAACCAACCACCGCATCTAAAGGCGATTTTAGAGTCTGGGGGTCGATGAGGGCGCGCCTCTCTCTTGC,1
233,TGGATGAGCTGACGGGAGGCCGCCTTATTGTGACCTCGCACGAGACTTGGAGCGAAGAAGGACCCGGAAGCTAGTACC,0
234,ACTGTTCCTGGTATTCTCTAAAAGGATGCCACCATATTGGATCACACGGGTAACCGCGTCTTAGGCCAAGTCGT,0
235,AGAGGAGCCAGAACCTCCGCATCTAACCGCCATGTTTTATTCTGGGCGCCGATTCGGGCGATTGCCTCTTTTGG,0
236,TGAAGCGAATGAAGTTAAGCATCTAAAGGGGCTGTTAGACCCAGGGTGTCGGCGCCGGAGAGCCCCTCTTTTAG,1
237,AGATGCGAATGGACGACAGCATCTAACCGGGCTTGTAGTGTCTGAGTGTCCGTGAGTTCAACTCCCTCTCTTGC,0
238,CTGGGAGGCTAGTCCACATCATTTAACCGACACGGGTTCTACTAAGGGCCCAGGAGTGGAGCTGGTTCTCTTGC,1
239,ACTGCGCGTGAGTCACTGATTAGAATTTTACACAGGTTGTATCACTGTCAAAGCTGAGTAGATGGGAGAATCGCTCAATAGCTATGGT,0
240,AGAGGAGGCTTGACCACAGCATCTAACCGGCCTGGGAGTCTCAGAGGGTCCATGAGTGCGACCCCTTCTTTTGG,1
241,ATGGCATGTTAGTCAATAACTAGAACCCGACACAGGTTTTACCAATGGCAAATGAGTGGACATGGTAGGATCGCGGTCTCGAGTTGATTC,1
242,ATTGCCTAATAGTCAACAACTATGACCCGCCACTGGATTTACCAATGGCCCATGAGTTGACCTGGTTGTCTCGCCGTCTCGGGATAT,0
243,TCGAAGAGGTCGCGCGTGCGCCGCGTTCTACGAACGCACATCAAAACACTTCCCAAGAACGTAGGGGATGAAGATCCT,1
244,CGGGCGGGCGAGTCAACATCTAGACCCTTTCCCGGGTTTTAGCAATGGCAAGGGAGTGGACCTGGGAGAATCGCAC,1
245,TCAATGAGGGCACGTGAGCACGACGTTGAGTGACCACAGACTAGGACAGGTGCCCAGAACTGCATAGAAGCGATTACC,1
246,TCGAAGAGGGGTCGCGAGCACAGCGTTTTTTGACCACAGACACACACAGGTGCACACAACTACAAGGAAGCGATTCCT,0
247,TGGACAGGCTAGCCCACATCTTCAAGATGGTATTGGAGGTACTAAGCGGCAGGGAGTAGGCATCAGTGTATTGCCA,1
248,ATTGCATCTTAGTCACCAACTATGACCCGAGACAGGTTTTACTAATGGCCCATGAGTTGACCTGGTTGTCTCGCGG,0
249,TCGGAGAGCGGTTTCCTGCAAAGGGTATTGTAAACATAGTATCAGACAGGTTCACGCGTCTTCAAGGAATTGATTAAATA,1
250,TGAATCCAACGAAATTACGGAGACGTTGAGAGTCTACGAGCAAGGCTTTGGACCCAGACCTGCATATCTGCTATTTCC,0
251,ATTGCATCTTAGTCAACAACTCGGCCCCTGGATTGGAGTTAGTAATGGCAAGTGAGATGACCTCGGAGAATCGCGG,1
252,AGAGGATCATGGACCAACGCATTTAACCGCGCTGTTAGTGTCTGGGCGTCGATGACGGAGAGTCCCTCTGTT,0
253,ACTGCATCTTAGTCAATAAGTAGACCCTCAGACTGGATTTAGCAATGTCAAATCTGTTGACATGGGAGAATCGCTCTATCGAGCTGTTTG,0
254,TCGAAGAGGGCTCGCCTGCCAAATTTTTTTCGGACACAGAATGGGACAGGGACGCAAGTGGAAGGGGAAGCCATTCCCCA,0
255,TGATGCGAACGAAGTTACGCATCCAAAGGGAGTGTTAGAGCCAGGGTGTCCGCACCGGCCAGCATCCCTTATAG,0
256,TCAAAGAGCGGAAGTGAGCACGCCTGAGAGTGAGCACAAACAAGGACAGGGGCACACGACGGCATAGACTATAGTACC,1
257,ATTGCATCCTAGTCAACATCTTTGCACCGACACTGGTTTTACCAAGGGCCCATGAGTTGACCTGGTAGTATCGC,0
258,TGAATCAGACCAAGGGAGGACGCCTGAGAGTGACCAAGAGCCAGGGCAGGGGCACAGAAGAGCCCCCCCTCTAG,0
259,ATTGCATCTTAGTCAACAAGTCGGCCCCCACACTGGATTGAGTAACGGCCCATGTGTTGACCTGGTAGTATAGCGG,0
260,ATTGCATCTTAGTCAACATCTATTACCCGCCACTGGTTTTACCAATGGCCAATGAGTGGACCTGGTAGTCTCGCCG,0
261,ACTATCCAATGAAGTTAGGGCTACCGGGAGAGTCTTAGAGCTAGGCTTGCTATCTAGTCCAGTATCCCAGTT,0
262,TCGAAGAGGGGTAGTGAGCACGACGTTTTGTGACCACAGACTCGCACAGGTGCATACATCTACATGCAAGAGATTCCC,1
263,AGTGGATAATAGTCAACAGCTTTTAACCGACACTGGAGTCTGTAAGGGCCCGTGAGTTGACCTGGTACTATTGCGG,0
264,TCGAAGAGGGGTAGTGTGCGCGACGTTGTGTGACCACCGACTCGCACAGGTCACCACATCTACATAGAAGAGATTCAAAACT,0
265,TGATTCGAACCAAATGACGGAGCCAGGGACGGTCCAAGAGCCAGCCGGTGGGCCCACATCTGCATCCCTTCTAATACC,0
266,ATTGCATCTTAGTCAATAACTATGACCCCAGACAGGTTTTACTAATGGCCCATGTGTTGACCTGGTAGTATCGCCGTATCGGCATAT,0
267,AGTGCCGACTAGTCGACAGCTTTTAACCGCCCTTGGAGTCTCTAAGGGCCCATGAGTGGAACTCCTTCTCTTGC,0
268,AGTAGTTAACGGATTTACTGATAGCATGCGAGCGTTTCGGTTCAACTGTCTATCCGGTCCATCGTCCGTGTTGC,0
269,ACGATCCAACCGCGACAGAGCGGAGTTTAAGACCCACAGGCGTGCCTTATTATCTAGTACTGCGGGTGAGCCTCTCAAAA,0
270,TCAGGTCACAGAAATTTCTGAGCGGGAGTGAGTCCACAAGCCCAGATGTTGACCCACGCCTGCATA,0
271,TGAATCGGCCGAAGTTACGAATCCTGAGGGAGTGTTACAGCCAGGGCGTGGGCACCGGCCAGCATCCCTTATAG,1
272,AGATTCCAACCACAGTACGGCGAGATTGAGGGACCAAGAGCGAGCCTGTTTGTCCAGACCTGCATCTCTGCCTCGC,0
273,ATTGCCTAATGGACAACAGCATTTAACCGCGATTGGAGTGTCTAAGGGTCCATTAGTGGACCTGGTTCTATCGG,0
274,TCGAAGAGGGGTAGTGTGCACGGCGTTGTGTGAACACAGAATCACACAGGTCCCCACATCTACATGCAAGAGATTCCA,1
275,ATTGCAGACTAGTCAACAGCTTTTAACCGACATTGGAGTCTCTAAGGGCCCATGAGTGGACCTGCTTCTATTGC,0
276,TCGAAGAGGGGTAGTGTGCACACCGTTGTGTGACCACAGACTCGCCCAGGTGCACACAAGTACATGCAATAGATTACA,1
277,ACTGCATTTGGTTTACCAGACAGGCTCTTCGTCTGGAGGTATTGCTTGCAAGAGTGATTACATATCGCACTC,0
278,ATTGCAGGTTAGTCCACATCTATTAACCGACACAGGTTTTACTAATGGCCAATGAGTGGGGCTGGTTGTATCGCCG,1
279,ATTGCATAATAGTCAACAGCTTTTAACCGCCATTTGAGTCTCTAAGGGCCCATGAGTGGGCCTGGCTCTCTTGC,0
280,ATCGCAGCCTAGTCAACAGCTTTTAACCGCCATGGGAGTCTCTCAGGGCCCATGAGTGGACCTGGTTCTCTTGC,0
281,ATAGGAGACTGGACGACAGCTTTTCACCGCCCTGTGTTTGTCCAAGGGTCCAGGAGTGCACTTGCTTCTCTTGC,0
282,TGATTCTAACCAGAGTACGGCGAGATGTAGGGACGTAGAGCGTGCCTGTTCGTCAAGACGCGCATCCCTCCCTCGCAT,1
283,ATTGCATGTTAGTCAACAGCAATTAACGGCCACTGGTTAAACTAGTGGCCAGTGAGTGGAACTCCCTCTCTCGT,0
284,CGATGCTAATGAACGTCAGCATCTAGCGGCGTTTTTAGAGTCTGGGTGTCCGTGCCGAAGAGCCCCTCTCTT,0
285,TCAATGAGGGGTAGTGAGCGCGACGTTGAGAGACCACAGACTCGCCCATGTCCCCACATCTGCATACAAGACAATCCA,0
286,ATTGCATCTGAGTCACTAATTAGACCCCTACACAGGTTTTATCACTGGCAAATGTGTTGACCTGGTAGGATCGCGC,0
287,TGGAAGAGGTAGCGCGTGCACACATTTTTTTAACCTCAGACGCCCTCTGAGGCGTAAAAGGAGCGGGGAGCTATTATATA,1
288,AGATTCGAACCAAGCAACGCATCTAAAGGCGTTGCTAGAACCAGGGCGTCGGCGACGGAGGGTCCCTCTTAT,0
289,TCTGCGGGACCACGTAAAGCATCTTAAGGGCTTGGGTAAACCAGAGCGTGTGAAACCGCAGGCACCTCTTTCGG,1
290,TCGAAGAGGGCAAGTGAGCACGCCGTTTTGTGACCACAGACACGGACAGGTGCACACAACTACATAGAAGCGATTCAT,1
291,TCGAAGAGGGGTTGTCAGCACAGAGTTTTGTGACCACCGACTCGCACAGATGCATACAACGACAAGGAAGCGATTCCAAATT,1
292,ATTGCCCACCCATCAACAGCATTGAACCGCCACAGGTTACACTCATGGCCCATGAGTGGACTTGGCACTCTCGGGG,0
293,AGATTCCAACGGACTTACGGATATAATGGGCGCGTTATAGCCAGGAGGTCGATCACGGCCAGCGTATCTGTTTC,1
294,TCGAAGAGGGGTAGTGAGCGCGCCGTTGTGTGACTACCGACTCGGACAGGTCCACACAACGACAGAGAAGCGAATACAAACT,1
295,ATTGCATCTTAGTCAACAGCTTTTAACCGCCACAGGTTTCACTAATGGCCCATGAGTGGACCTGGTAGTATCGCGG,1
296,TCGAAGAGGGGTAGTGTGCACGACGTTGAGTGACCACAGACTCGGACAGGTCCACACATCTACATAGAAGAGAATCCGAACT,1
297,ATTGCATCTTAGTCACTTAGCAGAATCTCACACAGGTTTTATTACTGTCACATCTGATGACCTGGGAGAATCGCGC,0
298,AGTGGATCCTGGACCACAGCATTTAACCGCCATTGGAGTCTCTGAGGGTCCATGAGTGGGACTGCCTCTCTTGG,0
299,AGTTTCAAACGAGAGGAGGGCGCCCTTTAGTGATTTAGCCCGAGCCTTTGCGTGAAGTGAAGCCCCCCATCT,0
300,ATGGCCGGCTCGCCAACGGCTCGTAAGTGCCATGGTCGTTACTAATGGCCCGTGAATATGCATGGTTGGCTT,0
301,AGTTCCTAATGGACAACAAGCGGAAGCTGGCACCGTAGTGCCTGGGTGTCCATCAGGTACAGCCTGTCTCCT,0
302,AGATGCGAACGAATTTACGGATCTAGAGAGGTTGTTAGAGCCAGGGTGTCGATGCCGGACAGCCTCTCTTTTAG,1
303,ATTGCATCTTAGTCAACATCTTTTAACCGACACGGGTTTTTCCAATGGCCCATGTGTTGACCTGGTTGTCTTGC,0
304,AGCTCCGAATCAGCGACAGCTTCTAACCGCGTTTGTAGTGCCTGAGGGCCCGTGAGTTCACGTCCTTCTCTT,0
305,ATTGCACCTGAGTCACTATCTAGAACCCTACACAGGTTGTATCAATCTCAATGGAGAGGAGCTGGTAGGATCGTTGAATAGATTTGG,0
306,ACGACGAGTGAGCGACAGCACAGAGTTTTAGACCCTCTGAATTGCTCTAATGTGTAGTAAGATGGGTGACCC,0
307,TCGAAGGGCGCGCGCAAACCAGCATAATGGTGAACGGACACTAGAGGACTTGCGAACGCAGATAGGGATTTAGGTATTTCGAGC,1
308,CGATGCGAATGAACGACAGCATCTAGCCGGGCTGTTAGTGTCTGAGTGTCCGTGAGGACGAGCCCCTCTCTT,0
309,AGTGGAGGCGGGTCTACATCATTTCACCGGCACGGGTTGTTTCAAGCGTCGATGAGTGCAGCTGCCTCTCTTGC,0
310,ATTGCATCTTAGTCAACATCTATGAACCGCCACAGGTTTTACCAATGGCCCATGTGTGGACCTGGTAGTATAGCGGTATC,0
311,TGATTCAAACCAAATTACGGCGACTGTGAGGTACTTAGAGCAAGGCTTTGGGTCCAGACCTGCATCCCTGACAG,0
312,TCGAAGAGGCCACGTGAGCACGCCTTTGAGTGACCACAAACAAGGCCAGGTGCACACAACTGCATAGAATCGAATACT,1
313,TCGAAGAGCGGACGCGAGCACGCCTTTTAGTGACCACCGACCAGGACAGGGGCACAGGACGGCCTAGATTATAGTAAA,0
314,ATTGCATCTCGGACTTCAGCATTTAACCGCCTTGGGTTTGTCCAGGGGTCCATGAGTGGCCCTGTCTCTATCGG,0
315,TCGAAGAGGGCTCGTGTGCACAGAGTTTTTTGACCACAGACTCACACAGGTGCACACATCTACAAGGAAGCGATTCGG,1
316,AGGTCCAGACCACGCGAGGACAAATTTTACGACACTCGATAGAGCTGTGGGGTGACGGAACGTCTCTCACTT,0
317,AGATCCGAACCAGAGTACGGCGCCAGGGAGGGTTGTAGAGCGAGGCTGTCCGTAAAGACCAGCCTCTCTCGTTG,1
318,ATTGCATCTTAGTCAACAGCTTTTAACCGCCATTGGAGTTACTAATGGCCCATGAGTGGACCTGGTTGTATTGCGG,1
319,ATTGCATGTTAGTCAACAGCTTTTAACCGCCATTGGTTTTACTAATGGCCCATGAGTGGACCTGGTTCTCTTGCGA,1
320,TCGAAGAGGGCGCGTGAGCGCGGCGTTTTTTGACCACAGACACACCCAGGTGCCTACAACTACATGGAAGCGATTCAT,0
321,AGTGCATACTATTCCACAGCATTTAACCGCCTTGGGTTATACTAAGGGCCCAGGAGAGGACCTGGTTCTCTTGG,0
322,CTGGCGGGCTAGTGAACATCTAGACACTGACAGAGGTACAACCAAGCGCAATGGAGTGGGCATGGTAGTATCGTTCTTTCGATCTGGTTC,0
323,ACGGAACGTGCGCAACTGACTAGAATTTTACACAGGCAGAATTACAGTCAACGCTGAGGGCATGGGAGAATCGTGCTATAGATCTCGTTA,0
324,AGATGCGAATCAGAGACAGGTTCTAACCGGGATTGTAGTGTCTGAGTGTCCATGAGTTCACGTCGTTCTCTTTC,1
325,AGTTCCTAATCGGAAACCGGTTTTACCGACGACTGTAGTGAGTCCTTTACCATGAGGTGGCCTCGCTCTCTC,0
326,TGAAGCGAACGAAGTTAAGCATCCTAAGGGAGTGTTAGAGCCAGGGTATCGGCAAAGGACAGCCCCTCAGTTAC,1
327,AGATGCTAACGAAAGAAAGGATCTAACGGGGCTTTTAGAGTCAGAGTGTCCATGACGTCCAGCCTCTCTCTT,0
328,ATCGCATCCTAGTCCACAGCTTTTAACCGCCATTGGTTTTTCTAAGGGCCCATGAGTGGACCTGGTTCTCTTGC,0
329,AGTTCCTAACCACAGAAAGCTTCCAGTGGGGAATGTAGAGCGTGCCTGTCCGTGAGTTCACGCCCCTCTCTCGGG,1
330,TCAATGAGGGGAAGTGAGCACGCCGTTGAGTGACCACCAACAAGGACAGGTGCACACAACTGCATACAAGAGAATAC,1
331,TCTAAGAAGCGAAGTGTCCACGACGTTGACAGACCACAAACAAGGACATGTCCTCACGTCTTCATACACTACATTACA,1
332,TCGAAGAGTGCGCAAGTGCACAGAGTTTTTTACACACAGAATCACTCTGATGGCTTATTATACAGGGAAGCCATTCAAAACATATG,0
333,ACGAAGAGTGAGCGCCTGCACAGAGTTTTACACAAACAGAATTACACAGGTCCCCAGGGGGATGGGGGATTGATTCGATAGATTTC,1
334,TCGATGAGGGGTGGTGAGCGCGCCGTTGTGTGACCACAGACTAGCACATGTGCCCACATCTGCATGCAAGACATTCCC,0
335,AGATCAGGCTCGTCGACAGCATCTAACCGGCCTTGGAGTCTCAGAGGGTCCGTGAGTGCAACTCCCTCTATTGC,0
336,ATTGCACCTGAGTCACTCTAAAATACTCCCCACATGTTGGATCACTGTCCAATCTGAGGGGATGGTAGTATTGTTCTAATGC,0
337,AGTGTCCAACCAGCGTCCGGAGATAGTGACGACTTTAGAGTCTGGTGGTCGATTATGTCGCGCGTCTCTCCTTG,0
338,AGTGGCTAATTAACGACAGCTTCGAGCCGCGCTTGTAGTGTCTAAGGGTCCATGAGGTGACCTGCCTCTCTT,0
339,ATTGCATCTGAGTCACTAATTAGAACCCGACACAGGTTTTACCAATGGCAAATGTGATGACCTGGTAGAATCGCGG,0
340,AGAGGCTAACGAACTTCAGGATCGCACGGGACTTTGAGAGTCAGAGTGTCCATTCGGACGATCGTCCCTATTGG,0
341,ACTGCATCTGAGTCACTAACTAGGCCCCCTCACAGGTTTGATCACTGGCAAATGTGATGACCTGGTAGGATCGTGC,0
342,CTTGCATCCAGATCCACAGCTTTGAACCGCCCTTGGAGTTTCTAAGGGCCCAGGAGTGCACCTGGTTCTCTTGC,0
343,TCGAAGAGGGCGCGCCAGCCCAGACTTTTGTGACCACACAAGAGCACACAAGCGAGCGAAGATAGGGAATCCATTCGATAGA,0
344,ATTGCATCTGGGTCACTCAAAAGGGCCCTCCACAGGTTTTATCACTGGCAAAATTGATGATCTGGTTGACTCGTTC,0
345,ACTGCACGTGAGTCACTGTATAGGACTCTCCACACGTTGTATCACACTCAATGCCGAGTATATGGTAGAATCGTTCAATA,0
346,ATGTCCTATTAGTCAACAACTAGAACCTCACACTGGAGTTACTCATGTCCCGTGAGTTGACATGGGTGTCTA,0
347,CTAGCATCCTAGTCAACATCAATTAACCGACATGGGACTTACTAAGGGCCCATCAGTGCACTTGGTTGTATTGCTA,0
348,TCGAAGAGGGGTCGTGTGCACAGAGTTTTTTGAACACAGACTCACACAGGTCCCCACATCTACAAAGAAGCCATTCC,1
349,TCAATCAAACCACGTGAGCGCGCCGTGGAGTGACCACGAACGAGGCTAGGTGCACAGAACTGCATCCAAGCTATTAAT,1
350,ACTGCACCTGAGTCACTAATTAGACCCTTTCACAGGTTGTATCACTATCAAAGCTGATGACATGGTAGAATCGTTCGATAGCCTTGGCGG,0
351,ACTGCCTAACGAGAATTCAGTCAGCTCTAGTTCAGTAGTGAGCGCCTGCTCGTCTTATTACGCATGCGAACCTTGCAT,1
352,TCGAAGAGGGCGCGTGAGCAAAACTATTTTCGCACACAGACTAGGACAGGTTCACCCGCCTGCATACACTACATTCAA,0
353,AGAGGCTAACGAATTTCAGGATTGAGCGACACTTTTAGTGTCAGGGTGTCCATTCCGTCCAGCGTCTCTCTT,0
354,TGATGCGGACCAAGTTACGGAGCCTGAGAGTGTCCACCAGCAAGGGTATGGGCACACACCAGCATACACTATAG,0
355,AGAGTCTAACGAACTTCAGCATCTAACGGGACTTTGAGAGTCAGAGTGTCCGTGCGGGCGAGCCCCTCTCTTGG,1
356,ATTGGATACAGTACTTCATCATTGAACCGCCTTAGGTTTGTCTAAGGGTCCATTCGTGGGCCTGGCACTATTGG,0
357,TCTAAGAAGGGGGATCTGAGCGACGTTTAGTGACCACCGACTCGCCTAGTTGACTACATCTGCATGCGAGCCATTCAAAATATATTGC,0
358,ATTGCATCTGAGTCACTAACTATGACCCTCCACAGGTTTTACCACTGGCAAAGGTGATGACCTGGTAGAATCGCGG,0
359,ATGGAAGGCGAGTGCACATCTATTAACCGACACAGGTTCTACTAATCGCAAAGGAGAGGAGCTGGTAGGATCGCGG,1
360,AGTGGCTAATAGTCAACAGCATTTAACCGACATTGTAGTGCCTGAGGGTCCATGAGTTCACGTGGCTCTCTTGC,0
361,AGATGCGAACGAAAGTAAGGATCTAGAGGGGCTTTTAGAGTCTGAGTGTCCGTGAAGACGAGCCTCCCTCTT,0
362,TGAATCAGACGAAGTGAGCACGCCTGAGAGTGACCAAGAACAAGGCCAGGGGCACAGAACAGCCCCCAATATAACAC,0
363,AGAGGCGAACCAACGTCAGCATCTAACCGCGTTGTTAGAGTCTGGGTGTCCATGACTGCGAGCCCCTCTCTT,0
364,ATTGCATCTGAGTCACTAACTATAACCCTCCACAGGTTTTACTACTGGCAAATGTGTGGACCTGGTAGGATCGCGG,0
365,AGATTCCAACGAAATTACGGCGCCAGTGAGAGTCTTAGAGCAAGGCTGTTGGTACCGACCAGCCTCCCTTATTG,0
366,AGTGCCTAACCAGCAATAGCTTATAACCACGTCTGTAGTGAGTGCTTGCACGTGAGTTCACCTCTCACACTC,0
367,ACTGCATCTGAGTCACTCAGAAGAACCTCCCACAGGTTGAATCACTGTCAGATCTGTTGATATGGTAGTATCGTTCAAAA,0
368,TCTATTAGGGGAAGTGACCACAACGTTGACAGCCCTCCGGCTAGGACAGGGCCTCAGAACTACCTCGAAGCTAATACA,0
369,ATGGCATGTTAGTCAACAACTAGAACCCGACACTGGAGTTACTAATGGCACGTGAGTTGACCTCGTAGTATAGCGGTATCGCGCTGTTTG,0
370,TCAAAGAGGGGTAGTGAGCACGCCGTTGAGTGACCACAGACACGGACAGGTTCACACAACTACATAGAATAGAATAC,1
371,AGTGCCTAACCAACAATAGGATGGAGCGACGACTGGAGTGACTGACTGTCCATCAGGTCCCGTGTCTCTATCGC,0
372,ATTTCAGCCTGGACCACATCATCTAAACGGCATGGTATTCTCTGAGCGGCGATGAGGGGGGCTCCCTCTCTTGC,0
373,ATTGCATCTGAGTCACTAATTAGAACCCCACACAGGTTTTATCAATGTCAAATGTGTTGACCTGGTAGGATCGCACAATAGCCTTGTTTG,0
374,TGAGGCGACAGAACTTCAGCATCTCGAGGGACTGTTACTGTCAAGGCGTCGACGCATGCCAGCACTTCTTTTGG,0
375,AGATGCTAACGAACGTCAGCATTTAACGGCGTTTTTAGAGTCTGGGTGTCCATGACGGCGAGTCTCTCTCTT,0
376,AGATGCGAACTAACTTCAGCATCTAACGGCGCTGTTAGAGTCTGGGGGTCCATAACGGCCAGCCTCTCTCTT,0
377,TGAATCAAACGAATTTACGGCGCGGGAGAGAGTCCAACAGCAAGGCTCTGTCCTCAGAACTGCATCCCCGATAG,0
378,TCGAACAGGCCAAGTGAGCACGCCTTTTAGTGACCACAAACAAGGACAGGTGCCCACAACTGCATGGAATCGATTACT,0
379,TCGAAGAGGGGTAGTGAGCACGCCGTTGAGTGACCACCGACAAGGACAGGTGCACACAACTACATACAATAGAATACT,1
380,ACGACATGTGCGTGACTAAGAAGAAATCCAGAAAGGAACAATCACCGACTTGTGAGCGTACATGGTAGTATCGTGA,1
381,TCAATGAGGCGAAGTGACCACGCCGGTGAGTGTCCACAAACAAGGACAGGGCCACAGGACTGCATACAATAGATTAC,1
382,AGTGCATATTAGTCAACATCTTTTAACCGACACTGGAGTCTCTAAGGGCCCGTGAGTTGACCTGGTAGTATAGC,0
383,TCAAAGAGTGGTAGTGAGCGCGCCGTTGAGTGACCACAGACTAGCCCAGGTGCACACAAGTACAAGGAAGAGATTACA,1
384,TCAATGGGCCGAAGTTAGGAATCCTGAGAGTGTCCACAAACAAGGGCATGGGCACACGACGGCATATACTAGAG,1
385,TCTATGCTGGGTAGTGTCCGCGAGGTTGACAGCACACCGGATCGGACATGTCACCTCGTCTTCATACACGACATTCCAAACT,0
386,ATTGCCTAATCGTCAACAGCATTTAACCGCCATTGGATTCACTCATGGTCCGTGAGTGGACCTCGCTCTCTCGC,0
387,TGAAGCGAACGAAGTTACGCATCCTAAGGGAGTGTTAGAGCCAGGGTGTCGGCAACGGCGAGCATCCCTTATAG,1
388,ACTTTCCAACGAAGTGTCAGCGAGGTTGACAACCTACTAGCTAGCCTTAGTATTCAGATCTGCATCCCTGACATTCCA,0
389,TGAATGGGACGAAGTGAGCGCGCCTTGGAGTGACCACCAACAAGGCTATGTGCACAGAACAGCATATAAGCTAATACT,1
390,ATTGCATCTGAGTCACTAACTATAACCCGACACAGGTTTTATCACTGGCAAAGGTGAGGACCTGGTAGGATCGTGG,1
391,AGTAGAGGCTTGTCCGCATCAATTAAAGGCCACTTTTTGATCAGGGCGGCGAGGAGGGCGGGTCGCTCTCTTGGTA,1
392,ATTGCATCTTAGTCAACATCTTTTACCCGCCACTGGTTTTACTAATGGCCCATGAGTTGACCTGGTAGTATCGC,0
393,TCGAAGAGGGTGCGCGTGCACAGAGTTTTTCGCACACAGAATGAGACAGGTTCATGCGGCGAACGGGAATCCATTCCATA,1
394,ATGGCAGGCTAGTCAACATCTATAAACCGACACAGGTTTTACTAATGGCCAAGGAGTGGACCTGGTAGTATCGCGG,1
395,ATTGCATCTTAGTCAACATCTATTACCCGACACAGGTTTTACTAATGGCCCATGAGTTGACCTGGTAGTATCGCGGTATCGCGTTGTTTG,0
396,ACTGCACCTGAGTCACTTATAAGGACTCTTCACAGGTTGTATCACAGTCAAATCTGAGTCTCTGGTAGTATCGTTCAATAGATATG,0
397,ACTGCACCTGAGTCACTGACTAGACCCTTACACAGGTTGTATCACCGTCAAATCTGATGACATGGGAGAATCGCTCTCTA,1
398,TGATGCGACTGAAGTAAAGCATCTCGAGGGAGTTGTAGAGCCAGAGCGTCGGCAACGAACAGCCCATCTTATAG,1
399,ATTGCACGTTAGTCACTATCTAGAAACCGACACAGGTTCTATCAATGGCAATGGAGTGGACCTGGTAGGATCGCTGAATAGAGCTGATTC,0
400,ACTGCACCTGAGTCACTGATTAGAGCCTTTCACAGGTTGTATCACTCTCAATACTGAGGAGATGGGAGAATCGTTCAATAGATATGGCAG,0
401,CGATCCGAATCAAAGACAGCTTCCCGAGGGGTTTGTAGAGCGTGAGTGTCCGTGAATAGGAGCCCCTCTCGT,0
402,ATTGCCTAATAGTCAACAGCTTTGAACCGCCATTGGAGTGACTAATGGCCCATGAGTTCACCTGGTTCTCTC,0
403,AGTGCCTAATAGTCAACAGCTTTTAACCGCGATTGGAGTTACTCATGGCCCATGAGTTGACCTGGTTCTCTT,0
404,AGATGAGGATGAACCACAGCATCTAACGGGGCTTGGAGTCTCTGGGCGTCCGCGAGTGGAACTCCCTCTTTTGG,0
405,TCGAAGAGGGCGCACGTGCACAGACTTTTTTGACCACAGAAGCCCACTGATGCGTAAAAATAGCGGGAAGCCTTTCGCTA,0
406,ATTGCATCTGAGTCACTTAATAGAACCCTTCACAGGTTGTATCACTGTCAAATCTGAGGACATGGTAGGATCGCTCAATAGCTATGGTTC,0
407,ATTGGATCCTAGTCAACATCATTTAACCGCCACGTGTTTTTCTAAGGGCCCATGAGTGGGCCTGGTTCTATTGC,0
408,ATTGCACCTGAGTCACTAACTATAACCCCCCACAGGTTGTACCAATGTCAAAGGTGAGGACATGGTAGGCTCGCAC,0
409,TTGACGCGTGAGTCACTCAGAAAAATTTTACACATACTCAATCAGAGACTTATCTCGGTCGGTGGTTGTGCATTTCAAAAGATGTGGCGT,1
410,TGAAGCGAACCAAGGGACGCCGCCTGAGGGGGTGCTAGACCAAGGGTATCGGCACAGAAGAGCCTCCCTTATAG,1
411,AGAGGCTAATGAACGACAGCATCGAGCGGGACTTGGAGTGTCTGAGTGTCCGTGAGTTGAACCCCCTCTCTT,0
412,AGAGCCTAATAAGCGACAGCTTTTAACCGCCCTTGGAGTCTCTCAGGGCCCATGAGTGGACCTCGTTCTCTT,0
413,TGTAGTTAAGCGTCACTAAGAAGAAACCGGGACCGGATTGAGCAACGGCTCGTCTACTCCCCCAGTAGTATTGCTCAATAGT,0
414,ATTGCAGCCTAGTCAACATCTTTTAACCGACACAGGTTTTACTAAGGGCCCATGAGTGGACCTGGTAGTATCGCAG,0
415,TGAAGCGGCCGAAGTTAAGCATCTTAAGGGCGTGTTACACTCAGGGCGTCGGCAAAGGCCGGCACCTCTTTTAG,1
416,TGAATCGGCCGAAGTTACGGATCCCGAGGGAGTGCTACACCCAGGGTGTGTGCAAACGCCAGCATATCTTATGG,1
417,ATTGCATCTAGGTCACCATCATTTAACCGCCACAGGTTTTACCAAGGGCCCAATGGAGGACTTGGTAGTATCGC,0
418,TGAATCGGACGAAGTGACCAAGCCTGTGAGAGTCCACAAACAAGGACAGGGCCACAGGACTGCATACACTAGAATACT,1
419,TCGATGATGGGAAGTGTGCGCGACGTTGAGTGACCACAGACACACACAGGTCCCCACATCTACATGCAAGAGATTCCA,1
420,TGAATTAAATGAAGTGACCGCGCCTGTGAGTGACTTACGGCAAGGCTATGGGCACAGAACAGCCTCCCCGCTAATACA,0
421,TCAATCAAACGAAGTGAGCGCGCCCGAGAGTGACCAAAAACGAGGGTATGTGCACACAACAACATCCACTATAG,0
422,ATTGCATCTGAGTCACTAACTATAACCCCCCACAGGTTTTATCAATGTCCCATGAGTTGACCTGGTAGGATCGCGGTATCGGGTTAT,0
423,AGTGGAGCCTTGACCACAGCATTTAACCGCCATGGGATCCTCTGAGGGTCCATGAGGGGGACTCCCTCTTTTGG,0
424,AGGTCAGGTTCGCGCACAGCTACTAACCGACATTGGGGCAAGTGAGCGCAAGCGAGTGGGCATCCCTCTCTT,0
425,ATTGCATCTTAGTCAACAGCTTTTAACCGCCATGGGAGTCTCTAAGGGCCCATGAGTGGACCTGGTACTCTT,0
426,ATTGCATGTTAGTCAACAGCTAGAAACCGACACAGGTTTTACTAATGGCCCGTGAGTGGACATGGGAGTCTCGCGG,1
427,AGTTCATCAAAGTCAACAGCTTTAACCCGAGACTGGAGTCAGTCAGGGCCCATGAGTTGACCTGGTAGTCTCGCGG,1
428,ATTGCATCTTAGTCACTAATTAGACCCTCACACTGGTTTTACCACTGTCAAATCTGATGACATGGTAGAACCGCTCTATC,0
429,AGATGCGAACCAATTTAAGGATCTAACGGGACTGTTAGAGCCTGAGTGTCCATGACGGCCAGAGCCTCTCTT,0
430,ATTGCATCTGAGTCACTAACTATGACCCCCCACAGGTTTTATCAATGGCACAGCTGTTGACCTGGTAGAATCGTAG,0
431,TCAATCAAACCTCGTTAGCGCGAGGTTGAGAGACTAATAACAAGCCTGTGTGCCTACATCTGCATCCAAGCCAT,0
432,ATTGCAGACTAGTCAACATCTTTTAACCGACATGGGATTCTCTAAGGGCCCATGAGTGGACCTGGTTGTATAGCG,0
433,AGTGCAGATTAGTCAACAGCTCCTAACCGACACTGGAGTCTCTAAGGGTCCGTGAGTGGACCTGGTACTATTGC,0
434,AGTGCATAATGGTCAACAGCTTTTAACGGCGACTGTAGTGTCTGAGTGCCCATGAGTGCACCTCCCTCTCTCGC,0
435,AGATGATCATAGTCAATAGCAATTAACCGCGACGGGTTGGACTGATGGCCCATGAGTGAACTTGGTTCTATTGCTA,1
436,ACGGAGCGTGAGTGACTTAATAGAGTTTTTCACAGGTTGTACCACTCTCAAAGGTGAGTGGATGGTAGAATCGCTCGCTA,1
437,AGTGGCTAAAGAACCTCAGCATTTAACCGCGACTTTATTGTCTGGTGGTCGATTAGGGCGCGTGCCTCTCTTGC,0
438,TGATGCGACTGAACGACAGCATCTAAACGGGATTGTAGTCCCTGAGTGTCCGTGAGGTCGAGTCCTTCTCTTGC,0
439,AGAGGATACTTGACTATCTCATTTAACCGCCACGTGTTTTTCTAGGGGTCCATGCGTGGCGCCGTCTCTATTGG,0
440,TCGAAGAGGGGAAGTGTGCGCGACGTTTATTGACCACAGACTCGGACAGGTCCCCACATCTGCATACAAGACATTCCT,0
441,AGTGGATCTTGGTCACTATGATTGAACCCCCACGGGTTTGATCAATGGCCCATCTGTTGCCCTGGTACTATTGC,0
442,AGAGCCTAATCGTCAACAGCTTCTAACCGCGATTGGAGTCTCTCAGGGCCCATGAGTGGACCTCCTTCTATTGCGT,0
443,TCGAAGAGGGGTCGTGTGCACAAAGTTTTTTGAACACAGACTCACACAGGTCACCAGATCTACATAGAAGCCATTCAAAACATATT,1
444,TCGAAGAGTGCGCGAGTGCGCAAAGTTTTTTGAACACAGAATCACACAGATCCCTACATCTAAAGGGGATCCTTTCCAAACATATT,0
445,TGAAGAGGCTGAAGTGAAGCAGCTTGAGGGGGTGTTACACCCAGGGCATGCGCAACGGACGGCCTCTCTTATAG,1
446,AGAGGCTAACGAACGTCAGCATCGAACGGCGTTTTTAGAGTCTGAGTGTCCATGAGTTGACGTCCCTCTCTT,0
447,CTGGCATGTGAGTCACTAATTAGACTCTTACACAGGTTTTATCAATGTCAAATCTGTTTACATGGTAGAATCGTTCAATCGCTATAT,0
448,AGTGCCTAACGAATTTCCGCATTGAACGACGCTTGTAGAGACTGGTTGTCCATGAGGGCGATTGTCTCTCTT,0
449,AGTTCATACTTGACAACAGCATCTAGCGGCGATTGGAGTCTCTGAGGGCCCATGAGGGGACCTCCCTCTCTTGG,0
450,AGAGCCGAATAGTCAACAGCTTCTAACCGCGATTGGAGTCTCTAAGGGTCCGTGAGTGGACCTCCCTCTATTGC,0
451,AGAGCCTAATCGGCAACAGCTTTTAACGGCGATTGTAGAGTCTGATGGCCCATGAGGTCGCCTGGCTCTCTT,0
452,CCGAAGAGTGAGTGCCTGAACAGAGTTTTACACAGGCTGTATCAAACAGATCCCTGTTAAGATGGGGAAGTGGTTCGATA,1
453,TGAAAGGGGTCGCGCAAGGCCGCCATTTTGCGAGGAACCACGAGGCGACTTGCGAACAAGAACCGGGATTCTTCGA,0
454,ATTGCATATTCGTAACTAAGTAGAACCCGACACCGGTTTGAGTACCGGCACATCTGTTCACCTGGTTGTATCGCTC,0
455,CGAGTGGGCTTGTCACCCTCAAATAATCGCCGCGTACAGGACCGGTGGCCGATCACGGCCGGCGGTTGTCTT,0
456,CCGGCAACTGGTTTACTGAATAGACTATTTTTCACGTAGTATCACACTCAAGAGTGATGATAAGGGAGACCCGTACCCTA,0
457,ATGGCGCGTGAGTGACTGCATATAACTCTTCACAGGTTGTATCAATCTCAAAGGAGTGGAGATGGTAGGATCGTTCGATAGAAATGGTTC,1
458,ATTGCATCTTAGTCAACAGCTTTGAACCGCCACAGGTTTGACTAATGGCCCATGAGTTGACCTGGTAGTATCGCGG,1
459,AGTGCCTAATCGTAAACAGCTTGGACCCGCCATTGGAGTGACTAATGGCCCATGAGTTGACCTGGTTGTCTC,0
460,TGATTCGAACCAAGTTACGGATCCAGAGAGAGTCTTAGAGCAAGGGTGTTGGCACAGACCAGCATCCCTTATAG,1
461,ATTGCATCTTAGTCAACAACTAGGACCCGACACAGGTTTTACTAATGGCCCATGAGTTGACCTGGTTGTCTCGCGG,1
462,CTGGCGGGCGGGAGTTCCTAATTTTAACGCCCTGCATAATTCCAAGCAGGGAAACGCGCCTTCATATATCTGGT,0
463,CCGGCATCTTAGTCAACAACTAGACCCAGACACTGGTTTTACCAAGCGCAAGTGTGTTGACATGGGAGTATAGCAG,1
464,ATTGCATCTTAGTCACCATCTATTAACCGCCACAGGTTTTACTAATGGCCCAGGAGTGGACCTGGTAGGCTCGCGG,0
465,TCGAAGAGCGTTTGCCTGTAAATTTATCTCTAGACACAGATTCAGACAGGATCACGCGTCTACAAAAAGTTGATTACCAAGCGC,1
466,ATTGCATCCTAGTCAACATCTAGAAACCGACACAGGTTTTACTAATGGCCCATGAGTGGACCTGGTAGTATAGCGG,0
467,ATTGCATCTGAGTCACTAACTAGAACCCGACACAGGTTTTACCAATGTCAAATGTGATGACCTGGTAGTATCGCGCTATCGCGTTAT,0
468,TCGAAGAGGGTTCGTGTGCACAGAGTTTTTTGAACACAGAATCAGACAGGTCCCCACATCTACAAAGAAGAGATTCAAAACCTGGT,1
469,TCAAAGAGGCCAAGTGAGCACGCCTTTGAGTGACCACAAACAAGGACATGGTCACACGACTGCATACACTAGAA,0
470,ATTGCATCTTCGCAACTAACTAGAACCCCAGACAGGTTTTAGTCCTGTCACATGTGATGACCTCGTAGAATCGCGC,0
471,ATTGCATCCTAGTCAACAGCTTTTAACCGCCACTGGTGTTACTAATGGCCCATGAGTGGACCTGGTTCTCTAGC,0
472,ATTGCATCTTAGTCAACAGCTTTGACCCGCCATTGGTTTCACTACTTGCCAATGAGTTGACCTGGCAGACTCGC,0
473,TGAATCGAACCACAGAAGGCCGCCCGATGGTGACATAGAGCGAGCCTTTTGGCACAGAAGAGCCTCTCATCT,0
474,TCTAAGACTGGGTGAGTGAGCAGAGTTTCGTACAGACTGAAACAGACAGTTCACTACAACTACAGGAATACAGTTCAATA,0
475,TTAGCAGGCAGTACTTCAGAATTTTAAGGCCTTGCATCAGTCCAGGCGGGGACCCGCGCCGTCACATCTTTTGG,1
476,TCGAAGAGTGAGCAACTGAACAGAGTTTTTTACACACAGTATCACACTGATCCCTACGTCTAGAGGGGAACCGTTCAAAACATGGCGC,1
477,CTGGCGAGCGAGTAAACGACTAGACTCTTACAAAGGTTTTATCAATCACAAGGGAGTGGAGATGGGAGAATCGCTGGATC,1
478,TGAATCGAACGAAGTTACGCCTCCTGAGAGTGTGCAACAGCAAGGGCGTGTGCACACAACAGCATACACTATAG,0
479,ATGGCATCTTAGTCAACATCTACTAACCGCCACAGGTTTTTCCAAGGGCAAGGGAGTGGACATCGCAGTATTGC,1
480,AGTGCCTAATGGTCAACAGCAACTCGCGGCTATTGTAGTGACTACTTGCCCGTGTGATGACGCCTCTCTCTCGCTA,0
481,TGAATCTAATCACAAAAAGCCTCACTCTCGCAATGTAGGGCGTGCCTTCCCGCGAAGTGACATGGGGCACTT,0
482,TCGAAGAGGGGTCGTGTGCACAGAGTTTTTTGACCACAGACTCACACAGGTCCCTACATCTACAAAGAAGACATTCAGAACAT,1
483,ATTGGATCCAAGTCAACATCATTTAACCGCCACGGGTTTTTCCAATGGCCCATTAGTGGAGCTGGTTCTATTGC,0
484,AGTGCCTAATGGTCAATAAGTTGGAGCGCAGACTGGAGTGAGTACCTGCCCATCTGGTCACCTGGCAGTCTCTC,1
485,TGGACGGGCTGGTGCACAGCATCTTAACGGCCTGCAGACACCAGGGCACGTGCGAGCGACGGTCCATATTTTAG,0
486,ACTGCACCTGAGTCACTAATTAGAACCCTACACAGGTTTTATCACTGTCAAATCTGATGACCTGGTAGAATCGTGC,0
487,TCAATGAGGGGTAGTGACCGCGACGTTGAGTGACTACCGGCTAGCCTAGGTGAACACATCTGCATAGAAGAGAATAA,1
488,AGGGCCGAATCACAAACAGCCTCTAAAGGCCATGGAAGCCCCTGAGGGCCCGTGAGGGAACGTCGTTCTCTT,0
489,TCAATGAGGCGAAGTGAGCGCGACGTTGAGTGACCACAAACAAGGACAGGTCCACACATCTGCATACAAGAGATTAC,1
490,AGTTCCTAACCAACGTCAGGATTTAACGGGGTTTGTAGAGTCTGGGTGTCCATTAGGGCAAGCCTCTCTCTCGG,1
491,ATTGCATCTTAGTCACTATCTATTAACCGCCACAGGTTTTACTAATGTCCAATGAGTGGACATGGTAGTATCGTAC,0
492,TGAATCTAACGAACTTAAGGCTCGAGCGCGAGTTTTAGTGCGAGAGTGTCGGTGAGGTCGAGCATCTCTCTT,0
493,AGTGCCGAATCATCAACAGCTTTGAACCGCCCTTGGAGTGTCTAAGGGCCCATGAGTTCACCTGGTTCTCTTGC,0
494,TCGAAGAGTGGGTGAGAGCGCCGATTTTTGTAACGACCGACTCACCCAGTTGCAAGGAAAGATGGGGAAGTTTCTATATAGA,1
495,AGTTGCGAATTAACGACAGCATCTAACCGCGCTGTTAGTGTCTGAGGGTCCATGAGGGCGAGTCCCTCTCTTGC,0
496,ACTGCGCGTGAGTGACTATGAAGAAATCGACACAGATTCAATCACTGGCACATCTGTGCAGCTGGTAGTATCGTTC,0
497,TGAATCGAACCAAAGTAAGGAGCCTGAGGGAGACTTAGAGCAAGGGTGTTTGCACAGAACAGCCTCCCTTATTG,0
498,AGATCCGAACCAAAGACCGCATCTAAAGGCGTTTGGAGAGCGTCAGGGTCCGTGAACAGGAGCCTCCCTATTGG,1
499,TCGGTGAGCGCTCGTGAGCAAACCGGTGAGTGTCCACACACTAGGACAGGTTCCCACGACTGCATATATGACATTACT,1
